Nr,Link Image,Naam Usecase,Project Partners & Locatie,Type Robot,Radar (Status),Hoofdfase,Specifieke Handeling,Omschrijving & Impact,Usecase,Location
1,https://image.parool.nl/240650911/feature-crop/1200/1200/in-een-oud-schoolgebouw-in-west-worden-steeds-muurtjes-opgebouwd,Robot gemetselde muur,"Dura Vermeer, Monumental (Amsterdam, NL)",Hybride Robots,Adopt,Ruwbouw & Sloop,Gevels metselen,"Een vloot van autonome robots die complexe bakstenen gevels bouwt, ontworpen om het wereldwijde tekort aan arbeidskrachten en woningen aan te pakken.","Monumental has successfully completed several projects in the Netherlands, including a 15-meter facade for an office and warehouse building in 2023, as well as social housing and canal retaining walls.","Plantage Middenlaan 62, 1018 DH, Amsterdam"
2,https://www.techzine.eu/wp-content/uploads/2023/10/HP_SitePrint_Imagine.jpg,HP SitePrint,HP (Globaal),Automated Guided Vehicles (AGV's),Adopt,"Voorbereiding, Inmeten & Inspectie",Markeringen uitzetten,"Een autonome printrobot die bouwtekeningen direct op de werkvloer uitzet, wat de lay-out productiviteit en precisie aanzienlijk verhoogt in vergelijking met handmatig werk.","HP SitePrint was used by the Spanish construction company Acciona during the construction of the Hospital Central do Alentejo in Evora, Portugal, where it marked nearly two kilometers of drywall profiles on an area of 8,400 square meters.","1501 Page Mill Road, Palo Alto, CA 94304, United States"
3,https://www.equipmentjournal.com/wp-content/uploads/2023/08/tybot.jpg,TyBOT,Advanced Construction Robotics (USA),Overig / Gantry,Adopt,GWW & Grondwerk,Wapening vlechten,Een autonome robot die wapeningsstaal op bruggen vastbindt zonder pre-programmering.,"TyBOT was used on the IH-39 Structure B-11-166 bridge project in Columbia County, Wisconsin, where it completed 17,823 rebar ties across 7,775 square feet in two shifts. Other notable applications include the NASA Causeway Bridge Replacement in Florida and the Betsy Ross Bridge Interchange Project in Philadelphia.","3812 William Flinn Hwy Building 1, Suite 400, Allison Park, PA 15101, USA"
4,https://millstreamcms-01.imgix.net/2018.fbr.com.au/upload/pages/20231003081937/p1023244edit-v2.jpg?version=1&w=900&blend=00000000,Hadrian X,FBR (USA / Australië),Articulated Robots,Adopt / Trial,Ruwbouw & Sloop,Ruwbouw metselen,"Een truck-gemonteerde automatische metselrobot die via 3D CAD-modellen op hoge snelheid betonblokken legt, wat handmatig zwaar tillen vervangt.","Hadrian X has completed several real-world projects, including a 16-townhouse development in Australia and a demonstration program in Florida, USA, where it built the walls for the first of seven planned residential homes in 2024.","Room # 154, FBR House, Constitution Avenue, G-5/1, Islamabad, Pakistan"
5,https://www.gwwtotaal.nl/wp-content/uploads/sites/4/2026/01/cover.GWW_.07.25.Materieel.Heijmans.jpg,Zelfrijdende asfaltwals,"Heijmans, Avular, Dynapac (Schiphol, NL)",Automated Guided Vehicles (AGV's),Trial,GWW & Grondwerk,Asfalt walsen,"Autonome walsen voor de wegenbouw die de asfalteringskwaliteit verhogen en operators weghalen uit gevaarlijke, fysiek zware werkzones.",The self-driving asphalt roller has been successfully tested and demonstrated at Schiphol Airport in October 2025. It is also scheduled for use on large-scale infrastructure projects for Rijkswaterstaat and is expected to be officially operational within Heijmans' asphalt teams in the first half of 2026.,"Schiphol Boulevard, 1118 CP Schiphol, Netherlands"
6,https://external-preview.redd.it/the-tiger-stone-paving-machine-also-known-as-the-road-v0-q8kbSuE_Uak4-aC4KwFtfLg1lPmBO01UNFzrUIqW9vk.jpg?width=1080&crop=smart&auto=webp&s=f988d7a185318470e09ca311d13f68d685c10466,Tiger-Stone / RoadPrinter,Tiger-Stone (Nederland),Overig,Adopt,GWW & Grondwerk,Bestraten,"Een zwaartekrachtgebaseerde bestratingsmachine waarbij stratenmakers op een platform rechtop staan om stenen in te voeren, wat continu werken op de knieën elimineert.","The Tiger-Stone has been used for repaving projects in the Netherlands, such as a project on the Cuyperslaan in Hoeven by W. Ketelaars. Additionally, the machine has been utilized in various countries including Dubai, Russia, Brazil, Nigeria, Argentina, and Bulgaria.","Ambachtstraat 20, 2861 EX, Bergambacht"
7,https://www.bam.com/sites/bamc/files/styles/thumbor_large/public/2022-09/persevent5-606-15475623742062056410.jpg?h=7657b05d&itok=CrjiBT-c,3D-geprinte woningen,"Weber Beamix (Eindhoven, NL)",Articulated Robots,Adopt,Ruwbouw & Sloop,Beton printen,Het inzetten van robotarmen voor het lokaal 3D-printen van dragende betonnen muren.,"Project Milestone in Eindhoven is a primary example of this technology, where the first inhabited 3D-printed concrete house was completed in 2021, with four more multi-story houses scheduled for completion in 2025. Other applications include the world's longest 3D-printed concrete bicycle bridge in Nijmegen and various infrastructure projects like 3D-printed stairs for ProRail.","Hastelweg 161, 5652 CJ, Eindhoven"
8,https://www.zdnet.com/a/img/resize/13959c21e87e3d04cebdb4a21e8fb20d25ad5b33/2021/09/23/573ae305-5e5a-441e-a76d-ac6224777420/kewazo-highres.jpg?auto=webp&fit=crop&height=1200&width=1200,LIFTBOT,"Kewazo (Rosemount, MN)",Overig,Adopt,Logistiek & Ondersteuning,Steigermateriaal liften,"Een autonoom en slim liftsysteem voor steigerbouw dat zwaar bouwmateriaal transporteert, ter verlichting van de logistieke last op vakmensen.","LIFTBOT has been used in several projects, including the facade restoration of the U.S. Capitol, scaffolding disassembly at a 52-meter-high flare at the BASF chemical plant in Ludwigshafen, and a refinery project at the Beaumont Air Traffic Control Tower.","14501 13th Ave S, Rosemount, MN 55068, USA"
9,https://www.hilti.nl/content/hilti/E3/NL/nl/business/business/productivity/jaibot/_jcr_content/mainSection/mainColumn/three_image_text_col_2000042773/image_text_column_1/image.coreimg.png/1700490599715/jaibot-new-image.png,Semi-automatische boorrobot,"Hilti, De Groot Installatietechniek (Groningen, NL)",Hybride Robots,Adopt,Installatie & Afbouw,Bovenhands boren,Een mobiele robot (Jaibot) die autonoom bovenhandse gaten boort in plafonds.,"The Hilti Jaibot was used by contractor YIT at the Tuultenristi construction site in Espoo, Finland, to drill approximately 90 holes per hour for MEP installations in a project comprising apartments, offices, and retail spaces.","Wasaweg 15, 9723 JD Groningen, Netherlands"
10,https://www.teslarati.com/wp-content/uploads/2024/07/tesla-optimus-v2-tesla-bot-factory-scaled.jpeg,Tesla Optimus Gen 3,Tesla (Globaal),Humanoïde robots,Concept / Trial,Logistiek & Ondersteuning,Materiaal verplaatsen,"Een mensachtige robot in ontwikkeling voor ongestructureerde werkomgevingen, met de potentie om repetitieve, fysieke logistieke taken in de bouw over te nemen.","Tesla Optimus Gen 3 is currently being tested at the Tesla Diner in Los Angeles, where it has been observed moving and performing basic tasks like serving popcorn to guests. Additionally, the robots are deployed within Tesla's own manufacturing facilities, such as the Fremont factory, in a learning capacity to practice material handling and basic production tasks.","1 Tesla Road, Austin, TX 78725"
11,https://roboticsandautomationnews.com/wp-content/uploads/2026/02/sitegeist-machine-1.png,Sitegeist Betonherstel,"Sitegeist / TUM (München, DE)",Automated Guided Vehicles (AGV's),Adopt,Ruwbouw & Sloop,Beton frezen / herstel,Een AI-gestuurde robot die zonder 3D-model beschadigd beton verwijdert. Het werkt tot 10x sneller dan handmatig en verlaagt veiligheidsrisico's aanzienlijk.,"Sitegeist's autonomous robots have been deployed in early renovation projects to automate safety-critical tasks like concrete removal and abrasive blasting, demonstrating a six-fold productivity increase compared to manual work. The technology is also showcased through the Münchner Management Kolloquium at the Technical University of Munich.","Arcisstraße 21, 80333 Munich, Germany"
12,https://www.tyker.com/wp-content/uploads/2019/08/Robotplotter-caroussel-foto-2-1.jpg,Robotplotter,"Ballast Nedam, Tyker (Vlaardingen, NL)",Automated Guided Vehicles (AGV's),Adopt,"Voorbereiding, Inmeten & Inspectie",Markeringen uitzetten,"Een mobiele robot voor het autonoom en digitaal uitzetten van markeringen en lijnen op de bouwplaats, wat foutmarges verkleint en efficiëntie verhoogt.","The Robot Plotter has been used by RPS on the A15 at Ridderkerk to plot road markings and steering lines on a flyover. Additionally, it was deployed for large-scale maintenance on the A12, where it set out tens of kilometers of steering lines.","Burgemeester van Lierplein 13, 3134 ZB Vlaardingen, Netherlands"
13,https://cdn-gmden.nitrocdn.com/kimMKAyVUEZDSVlViELuoVnYJqBbmHhz/assets/images/optimized/rev-9bb00de/dutchdronesurvey.nl/wp-content/uploads/2022/09/Drone-inspectie-min.jpg,Drone Inspectie,"Ballast Nedam, ZXY Builders (Nederland)",Overig (Drone),Adopt,"Voorbereiding, Inmeten & Inspectie",Luchtinspectie,Inzet van drones voor luchtinspecties en inmeten. Neemt gevaarlijke inspectietaken op hoogte over en zorgt voor consistente dataverzameling.,"Dronequest inspected the Jan Blankenbrug in Vianen for Rijkswaterstaat using drones to detect cracks as small as 0.1 mm, rust, and concrete rot to improve asset management and reduce costs.","Euclideslaan 201, 3584 BS Utrecht, Netherlands"
14,https://www.heijmans.nl/images/7robUG3vVJZ_J8pTrODq-BsI-8k=/23765/fill-1200x630-c100/Heijmans_Volvo_FH_Aero_Electric_haakarm.jpeg,AI-noodremassistent Vrachtwagen,"Heijmans, BAS Truck Center (Veghel, NL)",Overig,Trial,Logistiek & Ondersteuning,Transportveiligheid,"Toepassing van geautomatiseerde remsystemen op zwaar transport om de veiligheid in de onvoorspelbare, dynamische omgeving van een bouwplaats te borgen.","Heijmans is currently implementing the AI emergency brake assistant on eight pieces of equipment and one Volvo truck in collaboration with BAS Truck Center and other technological partners. Additionally, Dura Vermeer has tested and developed a similar AI braking system called EasyBrake in partnership with Rietveld to recognize people and automatically intervene.","Doornhoek 4045, 5465 TD Veghel, Netherlands"
15,https://www.neolithic3d.com/wp-content/uploads/2025/11/print2-1024x768.webp,Robotic 3D Printing Trap,"Neolithic 3D (Haarlem / Zwolle, NL)",Articulated Robots,Adopt,Prefab & Off-site Productie,Trappen printen,"Het gebruik van robotarmen in een gecontroleerde fabrieksomgeving om betonnen trappen te 3D-printen, wat materiaal bespaart en zwaar gietwerk op de bouwplaats elimineert.","Neolithic 3D, in collaboration with Dura Vermeer, used robotic 3D printing to create concrete manholes for the Jacob Catskade project in Amsterdam, which won the RIONED Innovation Award 2024. Additionally, their 3D-printed concrete staircase technology was implemented in the Sighthill Bridge project in Glasgow, Scotland, in partnership with BAM and Weber Beamix.","Oudeweg 91-95, 2031 CC Haarlem, Netherlands"
16,https://www.muycomputerpro.com/wp-content/uploads/2024/04/boston-dynamics-atlas-nueva-generacion.jpg,Atlas,Boston Dynamics (Globaal),Humanoïde robots,Concept / Trial,Logistiek & Ondersteuning,Tillen en inspectie,Een geavanceerde tweevoetige robot die fungeert als onderzoeksplatform voor mobiliteit en balans. Biedt in de toekomst potentie voor navigatie op complexe bouwplaatsen vol obstakels.,"Atlas is currently being deployed in a pilot project at Hyundai Motor Group Metaplant America (HMGMA) in Savannah, Georgia. In this real-world manufacturing environment, the robot is used for parts sequencing, specifically identifying and sorting engine covers and roof racks between supplier containers and mobile sequencing dollies to support the assembly line. Previously, the technology was demonstrated in research environments performing parkour, gymnastics, and simulated construction tasks to test mobility and autonomous recovery.","200 Smith St, Waltham, MA 02451, USA"
17,https://www.therobotreport.com/wp-content/uploads/2023/10/Figure01-walking-featured.jpg,Figure 01,Figure AI (Globaal),Humanoïde robots,Concept / Trial,Logistiek & Ondersteuning,Assisteren en tillen,"Ontwikkeld voor industriële en logistieke toepassingen. Ontworpen om te opereren in een omgeving gebouwd voor mensen, ideaal voor hybride samenwerking en assisterende taken.","Figure 01 is being applied in a real-world industrial setting at BMW's Spartanburg manufacturing plant in South Carolina, where it is used for manufacturing tasks such as picking, placing, and carrying components. Additionally, the technology has been demonstrated in controlled environments performing autonomous tasks like making coffee, sorting objects, and engaging in natural language conversations with humans.","3960 North First Street, San Jose, CA 95134, United States"
18,https://techcrunch.com/wp-content/uploads/2023/03/Agility-Robotics-DIGIT-3.jpg,Digit,Agility Robotics (Globaal),Humanoïde robots,Concept / Trial,Logistiek & Ondersteuning,Materiaalverplaatsing,"Een tweevoetige robot speciaal ontwikkeld voor logistieke taken zoals het tillen en verplaatsen van materialen, wat de loopafstanden en fysieke belasting voor bouwvakkers vermindert.","Digit is currently being tested at Amazon for tote recycling and has been commercially deployed at GXO Logistics and a Spanx warehouse in Georgia to handle material movement. Additionally, research versions are used at Oregon State University's Dynamic Robotics and Artificial Intelligence Laboratory to develop autonomous behaviors and locomotion algorithms.","4698 Truax Drive Southeast, Salem, Oregon 97317, United States"
19,https://x8k3m3a8.rocketcdn.me/wp-content/uploads/2019/10/printer-cybe-555x660.jpg,Mobiele 3D Betonprinter,CyBe Construction (Nederland),Articulated Robots,Adopt,Ruwbouw & Sloop,Beton printen on-site,"Robotarmen op rupsbanden of vaste opstellingen (zoals ingezet bij 'De Vergaderfabriek') die muren en structuren on-site printen, ter vervanging van fysiek intensief metselwerk.","De Vergaderfabriek in Teuge, Nederland, is een bekend voorbeeldproject waarbij de mobiele 3D-betonprinter van CyBe Construction is ingezet om een iconisch en dynamisch gebouw on-site te printen.","Kanaalstraat 12b, 5347 KM Oss, Netherlands"
20,https://www.popsci.com/wp-content/uploads/2025/08/wearable-vest-upper-body.png?quality=85,Passief Exoskelet (Wearable Robot),Diverse ontwikkelaars,Overig (Exoskeleton),Trial / Adopt,Ruwbouw & Sloop,Fysieke ondersteuning,"Draagbare robotica (zoals passieve exoskeletten) die het lichaam mechanisch ondersteunen tijdens langdurig voorovergebogen of zwaar werk, zoals het vlechten van wapeningsstaal, ter reductie van lage rugklachten.","Passive exoskeletons are being used on Consigli jobsites, where the Ekso Bionics EksoVest supports workers' arms during tasks ranging from chest height to overhead. Additionally, Toyota, BMW, and John Deere utilize the Levitate Airframe to relieve muscle strain for professionals performing repetitive arm elevations in construction or demolition activities.","8300 W. Franklin Ave, St. Louis Park, MN 55426"
21,https://cdn.prod.website-files.com/693dcb2dcf07a35645333596%2F699f4ad176d867507b0fb41e_ironbot-video-2-optimized_poster.0000000.jpg,IronBOT,Advanced Construction Robotics (USA),Overig / Gantry,Adopt,GWW & Grondwerk,Wapening tillen,Werkt naadloos samen met de TyBOT robot voor het efficiënt plaatsen en tillen van rebar.,"IronBOT successfully completed its inaugural project in February 2023 on the Port St. Lucie West Boulevard Bridge in Port St. Lucie, Florida, where it worked alongside Shelby Erectors to place 147,032 pounds of rebar.","3812 William Flinn Hwy Building 1, Suite 400, Allison Park, PA 15101, United States"
22,https://www.therobotreport.com/wp-content/uploads/2025/02/apptronik-kitting.jpg,Apptronik Apollo,Apptronik (USA / Globaal),Humanoïde robots,Concept / Trial,Logistiek & Ondersteuning,Materiaalverplaatsing,"Een humanoïde robot ontworpen voor algemene inzetbaarheid, ideaal voor het tillen van materialen en het assisteren van menselijke collega's op dynamische bouwplaatsen.","Apptronik has partnered with Mercedes-Benz to deploy Apollo in their manufacturing facilities to assist with the production of cars. Additionally, Apptronik and Jabil have announced a strategic collaboration to integrate Apollo into Jabil’s manufacturing operations for tasks such as inspection, sorting, and lineside delivery.","11701 Stonehollow Dr, STE 150, Austin, TX 78758, United States"
23,https://www.bomag.com/fileadmin/_processed_/c/c/csm_BW_177_DHe_fbeef8a19a.jpg,Autonome Wals (BOMAG/Fayat),Fayat Group (Internationaal),Automated Guided Vehicles (AGV's),Trial,GWW & Grondwerk,Grond/Asfalt walsen,Zelfrijdende walsen voor de verdichting van asfalt en grond op infrastructuurprojecten.,"The ROBOMAG autonomous roller technology has been demonstrated as a design study and prototype at major trade fairs including CONEXPO-CON/AGG 2020, bauma 2019, and bauma 2022. While specific active construction site locations are not named, the technology is currently used for testing and development in collaboration with the Technical University of Kaiserslautern and selected customers to refine systems like Emergency Brake Assist for series production.","137 rue du Palais Gallien, 33000 Bordeaux, France"
24,https://gww-bouw.nl/wp-content/uploads/2021/08/Betonprinter_JPGHR_055.jpg,Project Milestone (3D-print),"Weber Beamix e.a. (Eindhoven, NL)",Articulated Robots,Adopt,Ruwbouw & Sloop,Woning printen,"Een grootschalig project waarbij complete, bewoonbare betonnen huizen laagsgewijs worden geprint, wat materiaalverspilling minimaliseert en de bouwtijd verkort.","Project Milestone in Eindhoven, Netherlands, is a prominent example where articulated robots were used to 3D-print complete, inhabitable concrete houses to reduce material waste and construction time. Other notable applications include the 3D Strategy house in Milan, a two-story building printed in 48 hours, and the Yhnova project in Nantes, France, which was the first 3D-printed house to have residents move in.","Hastelweg 161, 5652 CJ Eindhoven, Netherlands"
25,https://www.ballast-nedam.com/media/0c2fwbyd/metselrobot-met-baksteen.jpg?width=800&height=800&v=1d8fe581550e5b0,Newo Metselrobot,Newo / Start-ups (Nederland),Hybride Robots,Trial / Adopt,Ruwbouw & Sloop,Metselwerk,"Een innovatieve Nederlandse toepassing om het traditionele, fysiek zware metselwerk te automatiseren met behulp van AI en robotica, inspelend op het tekort aan vaklieden.","The Newo metselrobot has been tested and deployed in the field through a partnership between Ropax and companies like Ballast Nedam, Heddes Bouw & Ontwikkeling, and Laudy Bouw & Ontwikkeling to automate heavy masonry work. Additionally, Dutch startup Monumental has used similar autonomous bricklaying technology to complete projects in the Netherlands, such as a 15-meter facade for an office building and social housing units.","Laan van Nieuw Oost-Indië 300, 2593 CE Den Haag, Netherlands"
26,https://www.health2work.nl/assets/uploads/product-afbeeldingen/skelex-360/_werkomgeving/exoskelet-Skelex-360.jpg,Passief Exoskelet (Specifiek voor vlechtwerk),Diverse (Onderzoeksfase) (Globaal),Overig (Exoskeleton),Trial,Ruwbouw & Sloop,Ondersteuning vlechten,Een draagbare robotische ondersteuning die specifiek is getest om de spieractiviteit in de onderrug significant te verlagen tijdens het langdurig voorovergebogen vlechten van staal.,"While specific commercial project names for this exact steel-braiding exoskeleton are not mentioned, the technology is currently being applied in various pilot studies and field tests. Researchers have conducted practice tests at two separate new construction projects in South Holland to observe the effectiveness of the Laevo torso-supporting exoskeleton during low-level tasks. Additionally, companies like SPIE and contractors such as Perdok Afbouw have integrated similar passive exoskeletons into their daily operations for related heavy physical labor in the construction and installation sectors.","Plantage Middenlaan 62, 1018 DH Amsterdam, Netherlands"
27,https://www.therobotreport.com/wp-content/uploads/2025/02/Sanctuary_AI_sensors_Phoenix.jpg,Sanctuary AI Phoenix,Sanctuary AI (Globaal),Humanoïde robots,Concept,Installatie & Afbouw,Fijne montage,Een geavanceerde humanoïde robot met een focus op fijne motoriek en AI voor complexe assemblagetaken.,"Sanctuary AI successfully completed its first commercial deployment in March 2023 at a Canadian Tire Corporation retail store in Langley, British Columbia. During this week-long pilot project, the Phoenix robot performed 110 retail-related tasks, including picking and packing merchandise, cleaning, tagging, labeling, and folding clothes. Additionally, Sanctuary AI has partnered with Magna International to integrate general-purpose AI robots into automotive manufacturing operations.","201 - 1825 Quebec Street, Vancouver, British Columbia V5T 2Z3, Canada"
28,https://images.indianexpress.com/2023/05/1X-Eve.jpg,1X Neo / Eve,1X Robotics (Globaal),Humanoïde robots,Concept / Trial,"Voorbereiding, Inmeten & Inspectie",Rondes lopen,Tweevoetige en op wielen gebaseerde humanoïde robots die door hun wendbaarheid geschikt zijn voor autonome inspectie- en veiligheidsrondes buiten de reguliere werktijden.,"1X Technologies is currently deploying a limited number of NEO units in selected homes for research and development purposes to gather real-world feedback. Additionally, a partnership with EQT plans to roll out up to 10,000 units across various portfolio companies for industrial applications starting in 2026.","Palo Alto, California"
29,https://files.dabonline.de/dabonline-typo3/archive/2025/02/kiterobotics_NS7_gross.jpg,Robotica in Real Estate & Onderhoud,Diverse leveranciers (Globaal),Automated Guided Vehicles (AGV's),Adopt,Logistiek & Ondersteuning,Schoonmaak/Facilitair,"Facilitaire en onderhoudsrobots die ingezet worden na de bouwfase, bijvoorbeeld voor complexe schoonmaak of inspectie van gevels, waardoor gevaarlijk werk op hoogte afneemt.","KITE Robotics provides advanced cleaning robots for high-rise facades and has successfully completed projects for office and warehouse buildings, such as a 15-meter facade in the Netherlands in 2023.","I do not have enough information to answer this query. The spreadsheet context ""Diverse leveranciers (Globaal)"" refers to a global group of diverse suppliers rather than a specific business or street address that can be located on Google Maps. Please provide the name of a specific company or a more precise location."
30,https://cdn.prod.website-files.com/67dee9ab2d79570c783ffc7a/691e4a1687d79e9286233469_news-17.png,Autonome Veiligheidsrobots,Diverse (Start-ups) (Globaal),Hybride / AGV,Trial / Adopt,"Voorbereiding, Inmeten & Inspectie",Veiligheidsscans,"Robots uitgerust met sensoren die zelfstandig gevaarlijke zones (zoals instabiele structuren of slooplocaties) betreden om data te verzamelen, zodat mensen op veilige afstand blijven.","Autonomous security robots are currently being deployed in various global projects, such as patrolling urban centers to monitor critical infrastructure and assisting with crowd management during large-scale events in the US, China, and several European countries. Additionally, these robots are used in trial phases to enter dangerous zones like unstable structures or demolition sites for data collection, keeping human workers at a safe distance.","I do not have enough information to provide a specific address for ""Diverse (Start-ups) (Globaal)"" as it refers to a diverse group of global startups rather than a single entity with a fixed physical location. If you have a specific startup name in mind, please provide it."
31,https://img.equipmentworld.com/files/base/randallreilly/all/image/2019/12/eqw.1-Spot-lead.png?auto=format%2Ccompress&fit=max&q=70&w=1200,Spot (Bouwhond),"Boston Dynamics, Trimble (Globaal)",Overig (Quadruped),Adopt,"Voorbereiding, Inmeten & Inspectie",3D Scanning,"Een wendbare, vierbenige robot uitgerust met 3D-laserscanners die zelfstandig door ruwe bouwplaatsen navigeert om de dagelijkse voortgang vast te leggen en veiligheidsrisico's te monitoren.",Turner Construction uses Spot equipped with an Insta360 camera and DroneDeploy's robotics solution to perform autonomous 360-degree virtual walkthroughs and data capture at large-scale data center construction sites across the United States. Other applications include Skanska USA testing Spot for jobsite housekeeping and progress monitoring at the Autodesk Technology Center and various construction sites in Boston.,"- Boston Dynamics: 200 Smith Street, Waltham, MA 02451, USA
  - Trimble: 10368 Westmoor Drive, Westminster, CO 80021, USA"
32,https://image.cnbcfm.com/api/v1/image/105013666-NewSamVideo2017_v2.mov_.00_00_47_25.Still002.jpg?v=1529477525&w=1200&h=675,SAM100 (Semi-Automated Mason),Construction Robotics (USA / Globaal),Hybride Robots,Adopt,Ruwbouw & Sloop,Metselwerk assistentie,"Een robot die samenwerkt met een metselaar. SAM100 neemt het repetitieve tillen en plaatsen van bakstenen voor zijn rekening, terwijl de vakman zich richt op de afwerking en kwaliteit.","The SAM100 was used by Q&D Construction and A-1 Masonry to lay over 60,000 bricks for the University Arts Building at the University of Nevada, Reno, in 2018. It has also been applied to the Jay and Susie Gogue Performing Arts Center project at Auburn University in Alabama.","7871 Lehigh Crossing, Suite 1, Victor, NY 14564, United States"
33,https://www.construction-robotics.com/wp-content/uploads/2021/08/Lightbox-Web-Images_0006_MULE-at-Arauco-5T8A5847.jpg,MULE (Lift-assistent),Construction Robotics (USA / Globaal),Overig (Ergonomie),Adopt,Logistiek & Ondersteuning,Blokken tillen,"Een semi-geautomatiseerd hijssysteem (Material Unit Lift Enhancer) dat zware bouwblokken gewichtloos laat aanvoelen, wat fysieke uitputting en rugklachten bij bouwvakkers drastisch vermindert.",The MULE technology is being used by Miron Construction for the Neenah High School project in Wisconsin and by Sisk at the Wembley Park E05 site in London for a multi-storey car park. Other applications include masonry work at the Great Lakes Naval Base in Illinois by Jimmy'Z Masonry and projects by Darren Walter Masonry.,"7871 Lehigh Crossing, Suite 1, Victor, NY 14564, USA"
34,https://www.inceptivemind.com/wp-content/uploads/2020/11/Canvas-drywall-robot.jpg,Canvas (Gipsplaat-afwerking),Canvas (USA),Hybride Robots,Trial / Adopt,Installatie & Afbouw,Gipsplaten schuren,Een mobiele robotarm die autonoom naden van gipsplaten vult en schuurt. Dit vermindert de blootstelling van werknemers aan gevaarlijk fijnstof en langdurig bovenhands werken.,"Canvas technology was used by Webcor at the Newark Civic Center in California, where robots finished drywall in several rooms to a Level 5 finish. Other projects include the Harvey Milk Terminal at San Francisco International Airport and the UCSF Wayne and Gladys Valley Center for Vision.","1010 Highway 35 S., Rockport, TX 78382-3910"
35,https://www.startupselfie.net/wp-content/uploads/2023/07/Built-Robotics-Exosystem-Automated-Robot-Excavator.jpg,Exosystem (Autonoom Graven),Built Robotics (USA / Australië),Automated Guided Vehicles (AGV's),Adopt,GWW & Grondwerk,Sleuvengraven,Een aftermarket-systeem dat reguliere graafmachines transformeert in autonome sleuvengravers. Verhoogt de productiviteit en haalt operators uit gevaarlijke greppels.,"Built Robotics' Exosystem was used for demolition work on the I-5 in 2018 and has since been deployed for trenching on solar farms, oil and gas projects, and wind turbine foundations across the Great Plains. Additionally, the technology was utilized for a utility-scale solar project in 2023 to automate pile driving.","1455 Market St, San Francisco, CA 94103, USA"
36,https://cdn.prod.website-files.com/64d2bbdae796ca9291a4c909/6723f1c3efa5e2155ce3b8d8_dusty-robotics-fieldprinter-obstacles-line-styles.webp,Dusty FieldPrinter,Dusty Robotics (USA),Automated Guided Vehicles (AGV's),Adopt,"Voorbereiding, Inmeten & Inspectie",BIM-modellen printen,Een mobiele robot die digitale BIM-modellen rechtstreeks op betonnen vloeren print (vergelijkbaar met HP SitePrint). Vermindert meetfouten en versnelt de voorbereiding voor installateurs.,"The Dusty FieldPrinter has been used on several high-profile projects, including the construction of the 20-story Natural Resources Headquarters in Sacramento, California, and the $1.9 billion Allegiant Stadium in Las Vegas, where it laid out luxury suites. Other examples include the Sutter Health Samaritan Court surgery center in Los Gatos, where it helped compress the schedule by three months, and the New Canaan Library in Connecticut.","909 San Rafael Ave, Mountain View, CA 94043, USA"
37,https://cobod.com/wp-content/uploads/2022/11/microsoftteams-image-73.jpg,BOD2 (3D Betonprinter),COBOD (Denemarken / Globaal),Overig (Gantry),Adopt,Ruwbouw & Sloop,Muren printen,Een modulaire 3D-constructieprinter die laagsgewijs funderingen en muren print. Wordt wereldwijd ingezet om snel en met minimale materiaalverspilling (prefab) woningen op te bouwen.,"The BOD2 3D printer was used by PERI 3D Construction to print the DREIHAUS project in Heidelberg, Germany, which includes the largest apartment building completed in 26 working days. Other notable projects include the Mvule Gardens in Kenya, where 14Trees printed 10 houses in 10 weeks, and the world's largest 3D-printed building, a luxury horse barn in Wellington, Florida.","Dybendalsvænget 3, 2630 Taastrup, Denmark"
38,https://robotslopen.nl/wp-content/uploads/2024/06/Husqvarna-DXR-300-1.webp,Op afstand bestuurbare Slooprobots,Brokk / Husqvarna (Globaal),Hybride Robots,Adopt,Ruwbouw & Sloop,Sloopwerkzaamheden,"Compacte robots op rupsbanden met zware sloophamers, bediend op veilige afstand. Deze elimineren het risico op instortingen of trillingsziektes (wittevingersyndroom) bij werknemers.","An example project is the decommissioning of the Ågesta nuclear power plant in Sweden, where a custom remote-controlled Brokk demolition robot equipped with a BGS65 Grapple Saw was used to safely dismantle contaminated pipes and structures. Another application is the Lava House project in San Francisco, where a Brokk 160 was used to demolish 1,200 cubic yards of concrete on a steep, restricted waterfront site.","Risbergsgatan 67, 931 27 Skellefteå, Sweden"
39,https://www.anybotics.com/wp-content/uploads/2021/12/anymal-legged-robot-industrial-plant.jpg,ANYmal (Industriële Inspectie),ANYbotics (Zwitserland),Overig (Quadruped),Trial / Adopt,"Voorbereiding, Inmeten & Inspectie",Complexe inspectie,"Een robuuste robotische hond, ontworpen voor complexe industriële omgevingen. Ideaal voor het autonoom inspecteren van gevaarlijke of moeilijk bereikbare zones, zoals tunnels of energiecentrales in aanbouw.","ANYbotics has partnered with GMV and Elewit on the ASUMO project to use ANYmal for the autonomous inspection of electrical substations, including the creation of digital twins for predictive maintenance. Additionally, ANYmal has been deployed at Entega's waste-to-energy plant in Darmstadt to perform inspections in high-temperature boiler houses.","Hagenholzstrasse 83a, 8050 Zürich, Switzerland"
40,https://aps.autodesk.com/sites/default/files/2019-09/Scaled_Robotics_Robot.jpg,Autonome Bouwplaats Rover,Scaled Robotics (Spanje / Globaal),Automated Guided Vehicles (AGV's),Trial,"Voorbereiding, Inmeten & Inspectie",BIM-vergelijking,Een compact voertuig dat autonoom over de bouwplaats rijdt om 3D-scans te maken. De software vergelijkt de gebouwde realiteit direct met het BIM-model om faalkosten in een vroeg stadium te voorkomen.,"Naska.AI (formerly Scaled Robotics) technology has been applied to a construction project in Oslo, where its platform identified a steel beam installed 14 cm out of position, allowing the team to fix the issue in less than 24 hours. The technology has also been used on the Hong Kong Airport T2 project and various other sites in the UK and the Netherlands.","Carrer de Pamplona 96, 08018 Barcelona, Spain"
41,https://group.schindler.com/content/dam/website/global/images/services/schindler-employee-in-the-shaft-configurating-schindler-rise.jpg/_jcr_content/renditions/original./schindler-employee-in-the-shaft-configurating-schindler-rise.jpg,Schindler R.I.S.E,Schindler (Zwitserland / Globaal),Hybride Robots,Adopt,Installatie & Afbouw,Liftkokers boren,"Een autonome boorrobot (Robotic Installation System for Elevators) die zelfstandig de ruwe liftkoker scant en gaten boort voor de geleiderails. Haalt monteurs uit een repetitieve, gevaarlijke werkomgeving.","Schindler R.I.S.E. has been used in several projects globally, including the TrIIIple project in Vienna, the Varso Tower in Warsaw, and the Avenue South Residence in Singapore, which is the world's tallest prefabricated residential building.","Zugerstrasse 13, 6030 Ebikon, Switzerland"
42,https://3druck.com/wp-content/uploads/2021/04/baubot1.jpg,Baubot (Modulair Platform),Printstones (Oostenrijk),Automated Guided Vehicles (AGV's),Trial,Ruwbouw & Sloop,Frezen / Boren,"Een mobiel robotplatform op rupsbanden dat kan worden uitgerust met wisselbare robotarmen en tools (zoals frezen, boren of printen). Zeer flexibel voor wisselende omstandigheden op de bouwplaats.","The Baubot MRS15 was used in a pilot project for the restoration of the Engelberg Tunnel, where it automated the drilling of precise holes for steel reinforcement and the installation of precast concrete elements. Additional research and testing of Baubot systems have been conducted at the Technical University of Braunschweig since 2022, focusing on additive manufacturing and surface treatment.","Gutheil-Schoder-Gasse 8-12, 1100 Wien, Austria"
43,https://www.bitstone.capital/wp-content/uploads/2024/10/0bf96196-717b-0ee2-5d45-cf5b1c49c00b.jpeg,Okibo Schilderrobot,Okibo (Israël),Hybride Robots,Trial,Installatie & Afbouw,Stucen & Schilderen,Een autonome mobiele robot die muren en plafonds in 3D inmeet en vervolgens zelfstandig pleisterwerk en verf aanbrengt. Dit elimineert de noodzaak voor schilders om dagenlang op steigers of trappen te werken.,"Okibo's technology is being used by Performance Contracting, Inc. (PCI) on a large-scale project in King of Prussia, Pennsylvania, and they have planned an upcoming deployment for a data center construction project in Washington D.C.","9 Granit Street, Petah Tikva 4951404, Israel"
44,https://images.ctfassets.net/et769tc4wc1v/20tDJR2TlmFj887gy3tIDu/4c820260e2273a76cef4eef560d8ca2b/elios-2-1-1.png?w=603&h=585&q=50&fm=png&bg=transparent,Elios (Besloten Ruimtes),Flyability (Zwitserland),Overig (Drone),Adopt,"Voorbereiding, Inmeten & Inspectie",Schachten inspecteren,"Een inspectiedrone beschermd door een bolvormige kooi. Wordt gebruikt in de bouw om diepe schachten, leidingsystemen en kruipruimtes te inspecteren zonder dat mensen fysiek deze nauwe, gevaarlijke ruimtes in hoeven.","The Elios 3 drone was used by the US Department of Transportation for a series of rigorous tests in the Chicago subway system. Partnering with Enspect Engineering and the Chicago Transit Authority, the project tested the drone's ability to perform structural assessments, person detection, and emergency response in out-of-service tunnels. The tests successfully demonstrated the drone's capacity to identify defects, wet locations, and obscured individuals in dark, GPS-denied underground environments using LiDAR and thermal sensors.","Route du Lac 3, 1094 Paudex, Switzerland"
45,https://img.equipmentworld.com/files/base/randallreilly/all/image/2017/09/eqw.Two-Caterpillar-793F-CMD-autonomous-trucks-operating-at-FMG.png?auto=format%2Ccompress&fit=max&q=70&w=1200,Autonoom Grondverzet,Caterpillar (Command) / Komatsu (USA / Japan),Automated Guided Vehicles (AGV's),Adopt,GWW & Grondwerk,Bulldozeren,"Het automatiseren van zware graafmachines en bulldozers op grote infraprojecten. Ze voeren grondverzet op basis van GPS en 3D-modellen volledig autonoom uit, wat zorgt voor millimeterprecisie en veiligere werkterreinen.","Caterpillar has successfully deployed its autonomous hauling technology at numerous global sites, including a fleet of over 90 autonomous trucks for a major mining project and a fleet of 70 Cat 793F autonomous trucks that have moved billions of tonnes of material.","5205 N. O'Connor Boulevard, Suite 100, Irving, TX 75039, USA; 2-3-6, Akasaka, Minato-ku, Tokyo, 107-8414, Japan"
46,https://cdn3.fh-joanneum.at/media/2021/08/automatisch-gespeicherter-entwurf-133.jpg,Volautomatische Vlinderrobot,o.a. Wacker Neuson / Somero (Globaal),Hybride Robots,Trial / Adopt,Ruwbouw & Sloop,Beton polijsten,"Zelfrijdende betonafwerkingsmachines (vlindermachines) die recent gestorte betonvloeren polijsten. Neemt zwaar trillend, nachtelijk werk over waarbij de operator normaal in een onnatuurlijke houding moet zitten.","The fully automated ""butterfly robot"" (volautomatische vlinderrobot), such as those developed by Somero and Wacker Neuson, is utilized globally for polishing large-scale concrete floors in warehouses and paving projects. Specifically, Somero’s laser-guided machinery is applied in horizontal concrete placement to achieve flat floors in major warehousing facilities, while Wacker Neuson’s automated battery-powered trowels are used for emission-free concrete finishing in indoor applications.","Wacker Neuson: Preußenstraße 41, 80809 München, Germany; Somero Enterprises: 14530 Global Parkway, Fort Myers, FL 33913, USA"
47,https://files.dabonline.de/dabonline-typo3/archive/2025/02/kiterobotics_NS7_gross.jpg,Kite Robot,Kite Robotics (Nederland),Overig (Kabelrobot),Adopt,Logistiek & Ondersteuning,Gevelreiniging,Een geautomatiseerd was- en reinigingssysteem voor gevels en ramen dat via kabels langs het gebouw beweegt. Vervangt gevaarlijk werk waarbij glazenwassers in hangbakken op grote hoogte moeten werken.,"Kite Robotics has successfully deployed its cleaning robot at Utrecht Central Station, where it is used to clean the large glass canopy covering the route to the tram platform. Additional operational projects include the RIVM headquarters, PwC Amsterdam, and the 120 Fleet Street building in London.","Kampenstraat 2a, 7575 EK Oldenzaal, Netherlands"
48,,C-Bot (Prefab Robotlassen),Diverse staalbouwers (Globaal),Articulated Robots,Adopt,Prefab & Off-site Productie,Staalconstructies lassen,"Het inzetten van industriële robotarmen om stalen constructiedelen (zoals HEA-balken) in de fabriek te lassen, rechtstreeks aangestuurd vanuit het BIM-model. Vangt het chronische tekort aan gecertificeerde lassers op.","Wenger Manufacturing has implemented the Hirebotics Cobot Welder to automate their shop floor operations, specifically utilizing it for high-speed welding tasks at 90 inches per minute and managing small-batch production runs.",Global
49,https://www.panatec-agua.com/ibak/microgator-air1.png,Crawler Robots (Leidinginspectie),Diverse leveranciers (o.a. IBAK) (Globaal),Automated Guided Vehicles (AGV's),Adopt,"Voorbereiding, Inmeten & Inspectie",Leidingen controleren,"Kleine wagentjes op wielen of rupsbanden, voorzien van camera's, die door nieuw aangelegde buizen en rioleringen rijden om direct kwaliteitscontroles uit te voeren zonder graafwerk achteraf.","IBAK crawler robots were used to document the condition of sewer reaches and manholes on the A 44 motorway in Germany, and a 35-meter-deep structure in Czechia was inspected to create a digital twin using PANORAMO data.","Wehdenweg 122, 24148 Kiel, Germany"
50,https://wolffonsite.co.uk/wp-content/uploads/2024/10/Vita-Load-Navigator.jpg,AI-Kranen (Vita Load Navigator),Vita Inclinata (USA),Overig (Slim hijsen),Adopt,Logistiek & Ondersteuning,Lasten stabiliseren,"Een systeem met actuatoren en AI dat aan de haak van een hijskraan hangt en grote lasten (zoals prefab betonplaten) volautomatisch stabiliseert, zelfs bij harde wind. Voorkomt dodelijke ongevallen en ontlast de kraanmachinist.",PCL Construction used the Vita Load Navigator at the McCarrons Water Treatment Plant in Minnesota to stabilize large formwork panels during high winds in tight spaces. Other examples include Sterling Crane using it to erect transmission towers at the Site C Dam in British Columbia and Clark Pacific using it for a 10-story parking structure in San Francisco.,"295 Interlocken Blvd Suite 100, Broomfield, CO 80021, USA"
51,https://i0.wp.com/www.suasnews.com/wp-content/uploads/2021/02/SkyMul.jpg?fit=1024%2C480&ssl=1,SkyMul SkyTy,SkyMul (Globaal / USA),Overig (Drones),Trial / Concept,Ruwbouw & Sloop,Wapening vlechten (Lucht),"Een zwerm drones ontworpen om autonoom wapeningsstaal (rebar) te detecteren en te vlechten vanuit de lucht. Dit versnelt de productiviteit en haalt werknemers weg van zware, repetitieve taken op de grond en oneffen terrein.","SkyMul is still in the development and testing phase with its third prototype, the P3, so there are no completed commercial projects yet. The technology has been tested at the Curiosity Lab's Innovation Center in Peachtree Corners, Georgia, and the company aims to launch a pilot program with a large rebar installer on the West Coast for projects like bridges, towers, or parking lots.","147 Technology Parkway, Peachtree Corners, GA 30339, USA"
52,https://images.ctfassets.net/6ip7bnhvpajs/1U5rhJOyFBY9GZzULQvZEj/0b508da1d4eb8ffb9ca9de3a4a493245/Copia_di_251030_VOLTON_SUITX_02_PRODUCT_FEATURES_1548.jpg,BackX (SuitX / U.S. Bionics),SuitX (Globaal),Overig (Passief Exoskelet),Adopt,Ruwbouw & Sloop,Ondersteuning onderrug,"Een passief draagbaar exoskelet dat specifiek de onderrug mechanisch ondersteunt tijdens langdurig voorovergebogen werk, zoals het vlechten van staal of handmatig bestraten. Het verlaagt het risico op spier- en gewrichtsklachten aanzienlijk.","IKEA logistics employees use these exoskeletons in 14 countries to handle tasks like moving furniture crates from high shelves to pallets and loading containers. In another example, DB Schenker has utilized them since 2019 for container unloading and package handling across various divisions. Additionally, MAN Truck & Bus has introduced them at 20 locations for truck and bus maintenance and repair.","5701 Hollis St, Emeryville, CA 94608, USA"
53,https://productdata.hilti.com/APQ_HC_f1200/L123312.jpg,Hilti EXO-01,Hilti (Globaal),Overig (Passief Exoskelet),Adopt,Installatie & Afbouw,Ondersteuning schouders,"Een draagbaar exoskelet ontworpen om de armen en schouders te ondersteunen bij zwaar, repetitief bovenhands werk (zoals gaten boren in plafonds of leidingen installeren), wat vermoeidheid en blessures bij installateurs voorkomt.","Swedish construction company Peterson & Hansson has utilized the Hilti EXO-01 for several months to protect workers from musculoskeletal injuries during overhead tasks, such as fixing plasterboard to ceilings. Additionally, VINCI Facilities technicians have used the device for cable duct installations and preventive maintenance tasks to reduce arm and shoulder strain.","Feldkircherstrasse 100, 9494 Schaan, Liechtenstein"
54,https://www.unitree.com/images/477baa0e82524db4aac7b8be35ec3f1f_576x476.png,Unitree G1 / H1,Unitree Robotics (Globaal),Humanoïde robots,Concept / Trial,Logistiek & Ondersteuning,Materiaal / Inspectie,"Betaalbare en uiterst wendbare humanoïde robots met AI, ontworpen om te navigeren in complexe en ongestructureerde bouwomgevingen. Ze bieden potentie voor autonome inspectierondes of het verplaatsen van bouwmaterialen.","The Unitree G1 has been used in a project by the startup MindOn to demonstrate complex household tasks in real home-level environments, featuring movements described as nearly human. Additionally, researchers have successfully trained the G1 to play full-speed, full-court tennis against human players using the LATENT training framework and sim-to-real reinforcement learning.","3rd Floor, Building 1, Fengda Creative Park, No. 88 Dongliu Road, Binjiang District, Hangzhou City, Zhejiang Province, China"
55,https://neura-robotics.com/wp-content/uploads/2026/01/NEURA_4NE1_Gen3.5-full-1024x1024.webp,Neura 4NE-1,Neura Robotics (Duitsland / Globaal),Humanoïde robots,Concept / Trial,Logistiek & Ondersteuning,Cobot taken,Een cognitieve humanoïde robot die is uitgerust met geavanceerde sensoren om veilig en naadloos met mensen samen te werken. Gericht op materiaalverwerking en het assisteren van vakmensen om fysieke overbelasting te voorkomen.,"The Neura Robotics 4NE1 is currently in the concept and trial phase, with no large-scale commercial projects yet. However, the third-generation 4NE1 was demonstrated at the Automatica 2025 trade fair in Munich, where it performed real-world tasks such as unloading a dishwasher and ironing clothes. Additionally, Neura Robotics utilizes ""Neura Gyms,"" which are physical training facilities used as test setups to generate real-world data and refine the robot's machine learning models.","Gutenbergstrasse 44, 72555 Metzingen, Germany"
56,https://www.robotics247.com/images/legacy_images/1_HoJTdcviN7HYEherCnsvHw.jpeg,Toggle (Robotic Rebar Prefabrication),"Toggle (New York, USA)",Articulated Robots (Robotarmen),Adopt,Prefab & Off-site Productie,Wapeningskorven lassen,Het inzetten van industriële robotarmen gecombineerd met slimme software om wapeningskorven voor betonconstructies in de fabriek te prefabriceren. Dit verdubbelt de productiesnelheid en zorgt voor een veel veiligere werkomgeving ten opzichte van de bouwplaats.,"Toggle has completed projects at the Philadelphia Navy Yard for Miller Bros., which included constructing duct bank reinforcements, installing 50 manhole slabs, and pouring foundations for aerial structures.","1460 Broadway, Suite 1025, New York, NY 10036, USA"
57,https://www.3dnatives.com/es/wp-content/uploads/sites/4/article_apiscor.jpg,Apis Cor 3D-printer,Apis Cor (Globaal / USA),Articulated Robots / Overig,Adopt,Ruwbouw & Sloop,Constructie printen,"Een compacte, kraan-achtige 3D-betonprinter die op de bouwplaats volledige dragende muren en gebouwstructuren uitprint. Minimaliseert logistieke bewegingen, materiaalverspilling en verlaagt de benodigde handmatige arbeidskracht.","Apis Cor has successfully completed several notable projects, including the world’s largest 3D-printed building in Dubai, a 6,998-square-foot government office. Other key examples include a 400-square-foot residential house printed in 24 hours in Stupino, Russia, and the first permitted 3D-printed home in the United States located in Melbourne, Florida.","3060 Venture Ln #101, Melbourne, FL 32934, United States"
58,https://www.equipmentjournal.com/wp-content/uploads/2023/03/Teleo.kit_.jpg,Teleo (Semi-Autonoom Retrofit Systeem),Teleo (Globaal / USA),Hybride / AGV,Trial / Adopt,GWW & Grondwerk,Bulldozers bedienen,Aftermarket retrofit-kits die bestaande zware bouwmachines (zoals laders en bulldozers) transformeren naar semi-autonome of op afstand bestuurbare apparaten. Operators kunnen vanuit een veilige kantooromgeving meerdere machines tegelijk bedienen.,"Tomahawk Construction is using Teleo's technology in Naples, Florida, where an operator in a Fort Myers office remotely oversees three articulated dump trucks hauling dirt to build a residential community. Other active projects include Teichert using retrofitted bulldozers at a California sand and gravel mine and Ajax Paving of Florida utilizing the system to operate wheel loaders across two asphalt manufacturing plants located 80 miles apart.","292 Lambert Ave, Palo Alto, CA 94306, USA"
59,https://www.isolteam.be/sites/default/files/styles/half_screen/public/uploads/images/isoleren-is-innoveren-q-bot-scant-en-isoleert-elke-ruimte_1.jpg?itok=6gUPjCO0,Q-Bot Vloerisolatie Robot,Q-Bot (VK / Europa),Automated Guided Vehicles (Crawler),Adopt,Installatie & Afbouw,Kruipruimte isolatie,"Een kleine, op afstand bestuurbare robot op wielen die in extreem krappe kruipruimtes onder vloeren wordt gestuurd om veilig isolatieschuim aan te brengen. Voorkomt dat mensen in ongezonde en gevaarlijke ruimtes hoeven te werken.","In a project for the London Borough of Camden, Q-Bot's ""SprayBot"" was used to install 12.5cm thick foam insulation under the suspended timber floors of council-owned properties, including older Victorian terraced and semi-detached homes.","Windsor House, Bayshill Road, Cheltenham, Gloucestershire, GL50 3AT, United Kingdom"
60,https://www.voxelmatters.com//wp-content/uploads/2017/06/Branch-1.jpg,Branch Technology (C-Fab),Branch Technology (USA),Articulated Robots,Adopt,Prefab & Off-site Productie,Polymeer printen,"Maakt gebruik van gigantische industriële robotarmen voor ""Cellular Fabrication"". Er worden lichte maar enorm sterke 3D-geprinte polymeermatrix-structuren gemaakt voor gevels. Dit combineert enorme architectonische ontwerpvrijheid met drastische materiaalreductie.","The Tennessee Valley Federal Credit Union (TVFCU) Southside Branch in Chattanooga, Tennessee, features a 3D-printed building facade created using Branch Technology's C-Fab process. Completed in 2021, the undulating facade uses a carbon fiber polymer matrix to create a unique, wave-like design that serves as a functional building envelope.","1530 Riverside Dr, Suite B, Chattanooga, TN 37406, USA"
61,https://gcp-na-images.contentstack.com/v3/assets/bltea6093859af6183b/bltacaa0dac820e9034/698a14378fd2ee4985361f79/best-inventions-of-2020-Guardian-XO-Full-Body-Powered-Exoskeleton-6.jpg?branch=production&width=3840&quality=75&auto=webp&crop=3%3A2,Sarcos Guardian XO,Sarcos Robotics (Globaal),Actief Exoskelet,Trial / Concept,Logistiek & Ondersteuning,Zware lasten tillen,"Een aangedreven (actief) exoskelet dat de drager in staat stelt om zware bouwmaterialen (tot wel 90 kg) herhaaldelijk te tillen zonder fysieke inspanning, ter voorkoming van ernstige rugklachten.","Delta Air Lines partnered with Sarcos Robotics to test the Guardian XO in early 2020 at a pilot location, where frontline employees explored use cases such as handling freight at Delta Cargo warehouses and moving heavy components at Delta TechOps.","650 S 500 W Suite 150, Salt Lake City, UT 84101, United States"
62,https://www.therobotreport.com/wp-content/uploads/2022/02/OTTO-podcast-featured-web.jpg,OTTO 1500 AMR,OTTO Motors (Globaal),Automated Guided Vehicles (AGV's),Adopt,Prefab & Off-site Productie,Pallets verplaatsen,"Zware autonome mobiele robots die in prefab-fabrieken en grote logistieke hubs ladingen tot 1500 kg zelfstandig verplaatsen, wat onveilige handmatige vorkheftrucks op de werkvloer vervangt.",The Fortune 500 consumer packaged goods company Amway uses OTTO 1500 AMRs to transport pallets of finished goods from the production line to the stretch wrapper and then to the shipping dock.,"1425 Strasburg Rd, Suite 2A, Kitchener, ON N2R 1H2, Canada"
63,https://uploads.prod01.london.platform-os.com/instances/831/assets/images/Doxel%20CUR%20Thumbnail%20rover%2001.jpg?updated=1582644070,Doxel AI Rover,Doxel (USA),Automated Guided Vehicles (AGV's),Adopt,"Voorbereiding, Inmeten & Inspectie",BIM-voortgang bewaken,Een autonome robot op rupsbanden die na sluitingstijd de ruwbouw scant met LiDAR en camera's. De AI vergelijkt de scans met de BIM-planning om de voortgang en kwaliteit dagelijks te bewaken.,"Kaiser Permanente used Doxel on a construction project in San Diego, which resulted in the project finishing 11% under budget and increasing labor productivity by 38%. Other companies utilizing the technology include Scripps Health, which used it to prevent rework and manage risks on large hospital projects, and Stream Data Centers, which implemented Doxel enterprise-wide to track hyperscale data center developments.","101 Jefferson Dr, Ste 240, Menlo Park, CA 94025"
64,https://eksobionics.com/static/1df9b27a71a7e4b6270002d59d7bf91d/8ed45/Ekso-EVO-1.jpg,Ekso Bionics EVO,Ekso Bionics (Globaal),Overig (Passief Exoskelet),Adopt,Installatie & Afbouw,Ondersteuning armen,"Een lichtgewicht, passief exoskelet specifiek ontworpen om de druk en vermoeidheid in schouders en armen drastisch te verminderen bij langdurig bovenhands werk (zoals plafondplaten of installatietechniek).","The Ekso EVO has been field-tested and utilized by major companies such as Ford and Boeing to assist workers with overhead manufacturing tasks, such as installing filters and sensors in vehicles, to reduce strain and prevent injuries.","101 Glacier Point, Suite A, San Rafael, CA 94901, USA"
65,https://cdn.betakit.com/wp-content/uploads/2023/09/Husky-Observer-Clearpath-770x513.jpg,Clearpath Husky UGV,Clearpath Robotics (Canada),Automated Guided Vehicles (AGV's),Trial,GWW & Grondwerk,Gereedschap dragen,Een robuust onbemand grondvoertuig (UGV) dat in zeer ruw terrein kan opereren. Wordt ingezet als autonome lastdrager voor zwaar gereedschap of uitgerust met sensoren voor complexe landmetingen.,"The University of Chile and the Advanced Mining Technology Center used the Husky UGV for autonomous 3D mapping and hazard detection in Chilean mines to improve safety and efficiency. Another example is the Austrian Space Forum’s four-week Mars simulation in Oman, where the robot performed 3D mapping and mineralogy tasks in desert terrain.","1425 Strasburg Rd, Suite 2A, Kitchener, ON N2R 1H2, Canada"
66,https://miro.medium.com/v2/resize:fit:1200/1*TzKBxglB_ctX_EJ93JbvVg.jpeg,TraceAir Drone Intelligence,TraceAir (USA),Overig (Drones),Adopt,"Voorbereiding, Inmeten & Inspectie",Grondverzet meten,Een drone- en AI-platform dat autonoom grote infra-projecten scant. Het automatiseert volumemetingen van grondverzet en optimaliseert de inzet van zwaar materieel.,"Brookfield Residential used TraceAir on the Whittier project in Southern California, a 70-acre site where the technology correctly identified a 250,000 cubic yard dirt shortage that original estimates had missed. Other notable applications include the Skyline Ranch project, where Pardee Homes moved 27 million cubic yards of earth, and Century Communities' Glennwood project, which achieved total earthwork balance using the platform's heat maps.","1700 Westlake Ave N Suite 200, Seattle, WA 98109, USA"
67,https://www.volvoce.com/-/media/volvoce/global/global-site/news-and-events/images/2020/november/concept_machines_ex03_photo_studio_2324x1200.jpg?mw=970&jq=75&mh=700&v=SdtwPw&hash=55197513D7D6F6B1C35D2590DB0D0327,Volvo EX03 Electric Concept,Volvo Construction Equipment (Globaal),Hybride Robots,Concept / Trial,GWW & Grondwerk,Emissievrij graven,"Een middelgrote (14 ton) elektrische graafmachine die is ontwikkeld als testplatform voor toekomstige geautomatiseerde en deels autonome, emissievrije graaftaken in stedelijke gebieden.","The Volvo EX03 is currently a research project and concept lab machine without a specific commercial project application, but it has been showcased as a functional prototype at events like Bauma China 2020 and the China International Import Expo. While not yet available for purchase, Volvo Construction Equipment is exploring the possibility of testing a similar version in future customer pilots to validate its autonomous and emissievrije graaftaken in urban environments.","Munktellvägen 1B, SE-631 85 Eskilstuna, Sweden"
68,https://ec.europa.eu/newsroom/repository/picture/2015-27/img_9585_9731.jpg,Robo-Mate,Europees Onderzoeksconsortium (EU),Actief Exoskelet,Trial,Logistiek & Ondersteuning,Lasten verlichten,"Een door de EU gefinancierd project dat actieve exoskeletten ontwikkelt speciaal voor de bouw en industrie, om zware lasten virtueel gewichtloos te maken voor de drager.","The Robo-Mate exoskeleton has been tested in practical demonstrations at INDRA SAS, a French vehicle recycling company, and COMPA S.A., a Romanian automotive components manufacturer.","Albinusdreef 2, 2333 ZA Leiden, Netherlands"
69,https://mma.prnewswire.com/media/2212480/ModelsC2andR2.jpg?p=facebook,Quasi AI Model C2,Quasi Robotics (Globaal),Automated Guided Vehicles (AGV's),Trial / Adopt,Logistiek & Ondersteuning,Materiaalverplaatsing,"Een AMR gedreven door traceerbare, algoritmische AI (afgestemd op compliance met de EU AI Act) voor het veilig en autonoom verplaatsen van onderdelen en materialen in dynamische omgevingen.","The Model C2 has been demonstrated in a real-world retail environment at a busy beer and wine store, where it navigated tight aisles and avoided customers to deliver cases of beverages to the checkout area. Additionally, the technology was showcased in a live demo at Automate 2024 in Chicago, navigating a crowded trade show floor to illustrate its obstacle avoidance and integration capabilities.","321 Ballenger Center Dr Suite 210, Frederick, MD 21703, USA"
70,https://technode.com/wp-content/uploads/2025/10/Noetix-Robotics-scaled.png,Noetix Bumi,Noetix (Globaal),Humanoïde robots,Concept,Logistiek & Ondersteuning,Inspectie / Logistiek,"Gepositioneerd als een van de meest betaalbare humanoïde instapmodellen (zoals uitgelicht in marktrapporten voor 2026), ontworpen voor logistieke en repetitieve inspectietaken en ideaal voor vroege pilotprojecten in de bouw.","In March 2026, the Noetix Bumi was utilized as a technological partner for the CCTV Spring Festival Gala in China, where it performed live alongside human actors for an audience of over 600 million viewers. Additionally, the robot has been deployed in educational partnership programs with Coding Cat to provide robotics and programming curriculum for the Chinese education market.","5010 148th Avenue Northeast, Suite 100, Redmond, WA 98052, USA"
71,https://www.kuka.com/-/media/kuka-corporate/images/industries/case-studies/fischertech/kuka-palettierroboter-fischertech-teaser.jpg?rev=2124bbad5aa34cdc95be1c7949274533&w=1900&hash=5030C544B704325869250BCCD6D90A0A,KUKA KR QUANTEC (Prefab Houtbouw),KUKA (Globaal) / Diverse houtbouwers,Articulated Robots (Robotarmen),Adopt,Prefab & Off-site Productie,Hout frezen/zagen,"Zware, industriële robotarmen die in de fabriek worden ingezet voor het volautomatisch frezen, zagen en assembleren van houtskeletbouw en CLT-panelen (Cross-Laminated Timber). Dit versnelt de transitie naar duurzame, modulaire houtbouw.","At Sägewerk Echtle KG, a KUKA KR QUANTEC robot automates wood processing by tending machines, handling glued wooden panels with a vacuum gripper, and transferring them between a panel press, a CNC machine for precision cutting, and a sanding machine.","Zugspitzstraße 140, 86165 Augsburg, Germany"
72,https://vmn-cobouw.imgix.net/uploads/2022/09/paco-3d-2.png?auto=compress%2Cformat&q=50&w=640&h=480,PACO Schilderrobot,Les Compagnons (Frankrijk / Europa),Hybride Robots (Cobot),Trial / Adopt,Installatie & Afbouw,Muren sausen,"Een collaboratieve schilderrobot (cobot) die schilders helpt bij het sausen van grote, eentonige wandoppervlakken. De vakman doet het precisiewerk (de randen), terwijl PACO de grote meters maakt, wat RSI en schouderklachten voorkomt.","PACO has been deployed in several pilot projects, including painting industrial buildings and office spaces in France, and has also been showcased in the UK to demonstrate its ability to sand and paint walls for new builds and renovations.","1 Place Saint-Gervais, 75004 Paris, France"
73,https://assets.bwbx.io/images/users/iqjWHBFdfxIU/iDDznTiEuwao/v0/-1x-1.webp,Gecko Robotics (Inspectie Crawler),Gecko Robotics (Globaal),Automated Guided Vehicles (Wall-crawler),Adopt,"Voorbereiding, Inmeten & Inspectie",Wanddikte meten,"Magnetische en vacuüm-gebaseerde kruiprobots die verticaal tegen stalen constructies, silo's en pijpleidingen opklimmen om ultrasone wanddiktemetingen en lasinspecties uit te voeren. Vervangt levensgevaarlijk inspectiewerk op extreme hoogtes.","Gecko Robotics has partnered with the U.S. Navy to automate weld inspections for the 132 billion dollar Columbia-class nuclear submarine program. Their robots are also used to detect structural damage on amphibious assault ships and Arleigh Burke-class destroyers, and they have historically performed inspections for power plants, such as a facility in Oil City, PA.","100 S Commons, Suite 145, Pittsburgh, PA 15212, USA"
74,https://hausbots.com/wp-content/uploads/2025/05/IMG_5851-scaled.jpg,HausBots (Gevelrobot),HausBots (Verenigd Koninkrijk),Overig (Wall-crawler),Trial / Adopt,Installatie & Afbouw,Verf/coating spuiten,Een robot die via een krachtig vacuümsysteem tegen vrijwel elk verticaal oppervlak kan rijden (inclusief baksteen en beton) om verf te spuiten of vochtwerende coatings aan te brengen. Maakt dure en tijdrovende steigerbouw vaak overbodig.,"HausBots successfully completed a project with EDF and ACS-Solutions GmbH to perform vertical ultrasonic tomography on a 200-meter concrete chimney, using their wall-climbing robot to collect high-resolution subsurface imaging data.","Unit 5a Waterside Business Park, 1649 Pershore Road, Kings Norton, Birmingham, West Midlands, B30 3DR, United Kingdom"
75,https://fi.makitamedia.com/images/3_Makita/301_machines/3011_a_GS1/30120_JPG_zoom/DRC200_C2L0.jpg,Makita Industriële Robotstofzuiger (DRC-serie),Makita (Globaal),Automated Guided Vehicles (AGV's),Adopt,Logistiek & Ondersteuning,Werf stofzuigen,"Autonome, zware stofzuigrobots die op de bouwplaats na werktijd zelfstandig magazijnen, in aanbouw zijnde hallen of werkplaatsen stofvrij maken. Draagt bij aan een veiligere en gezondere (stofvrije) werkomgeving zonder extra manuren.","The Makita DRC-series industrial robot vacuum is being used in a variety of commercial and industrial settings, such as the Berm Peak bike shop where it was tested for maintaining a professional workspace. Additionally, the technology is actively applied in environments like warehouses, manufacturing facilities, gyms, and airport hangars to automate floor cleaning and reduce labor costs.","3-11-8, Sumiyoshi-cho, Anjo, Aichi 446-8502, Japan"
76,https://orangeev.com/wp-content/uploads/2022/07/Outrider-OEV-truck.jpg,Outrider (Autonome Yard Trucks),Outrider (USA),Automated Guided Vehicles (Autonome Voertuigen),Trial / Adopt,Logistiek & Ondersteuning,Trailers verplaatsen,"Geautomatiseerde, elektrische vrachtwagentjes (yard trucks) die op grote materiaaldepots en prefab-werven zelfstandig trailers met bouwmaterialen aan- en afkoppelen en verplaatsen. Optimaliseert de logistieke stroom naar de bouwplaats.","Outrider has implemented its technology in a pilot project with Georgia-Pacific at a distribution center in Chicago, where it successfully completed over 1,000 autonomous trailer moves. The company is also running pilot programs with four other Fortune 200 companies and operates an advanced testing facility in Brighton, Colorado.","400 Hickory Drive, Mars Hill, NC 28754, USA"
77,https://www.silcomnorth.com/user/pages/240.glazing-robots/207.glazing-robot-smartlift-sl-1008-outdoor/01-glazing-robot-smartlift-sl-1008.webp,SmartLift (Geautomatiseerde Glas- en Platenlift),SmartLift (Denemarken / Globaal),Hybride Robots,Adopt,Installatie & Afbouw,Glasplaten tillen,"Geavanceerde, deels autonome tilhulpen op wielen die loodzware glasplaten of gevelelementen exact op de millimeter positioneren. Vermindert het aantal benodigde monteurs per ruit en elimineert het risico op ruitschade en fysieke overbelasting.","JHS BYG ApS used Smartlift glazing robots for a large residential project in Aalborg, Denmark, where they installed 489 windows across a 12-story apartment building. Additionally, Rhyno Glass utilized the technology for the Sanctuary high-rise condominium project in Tampa, Florida, to move and install heavy impact windows.","8927 & 8929 J Street, Omaha, NE 68127, USA"
78,https://www.emesent.com/hubfs/Emesents-Award-Winning-Hovermap-scaled.jpg,Emesent Hovermap (SLAM Drones),Emesent (Australië / Globaal),Overig (Drones / Scanner),Adopt,"Voorbereiding, Inmeten & Inspectie",SLAM Scanning,"Een geavanceerde LiDAR-scanner die aan drones of robots (zoals Spot) wordt gehangen en via SLAM-technologie (Simultaneous Localization and Mapping) autonoom door donkere, GPS-loze omgevingen navigeert, zoals tunnels en schachten in aanbouw.",Unmanned Aerial Services (UAS) utilized Emesent Hovermap to map over 5 kilometers of underground workings and an active 22-acre collapse zone within 48 hours to provide emergency response and actionable intelligence. Other examples include Kalmar Municipality capturing a heritage landmark and EscaDrone performing road surveys.,"40-52 McDougall Street, Kings Row Office Park, Level G, Building 4, Milton, Queensland 4064, Australia"
79,https://encrypted-tbn2.gstatic.com/shopping?q=tbn:ANd9GcQ1tN5_JxBNImEpubgGY4pJjPJioe9jMhzicch5r3K7DD_cDxONWnV3t34orccIug1o9F6AM7TIB8uVSUXnul3ZMXn6o4799W6sG9152Cek9C45C57ClkSH2ovq9FHsHjpXLtd4YUBIB18&usqp=CAc,Autonome Bermmaaier (Infra & GWW),Diverse leveranciers (o.a. Herder / Husqvarna),Automated Guided Vehicles (AGV's),Trial / Adopt,GWW & Grondwerk,Taluds maaien,"Zelfrijdende, vaak rupsaangedreven maairobots die veilig kunnen werken op steile taluds langs snelwegen. Ze halen de operator uit een gevaarlijke hellingshoek en voorkomen ongelukken met kantelende tractoren.","Firma Veluwenkamp in Hattem uses a Massey Ferguson combined with a Herder mowing-suction combination for roadside mowing along a canal in the Netherlands. Additionally, the Herder Ecochopper has been demonstrated during the Kennisdag Kleurkeur of the Vlinderstichting to showcase sustainable and ecological verge management.","J.J. Allanstraat 2, 1551 RE, Westzaan, Netherlands"
80,https://shop.unitree.com/cdn/shop/files/1_e701c6a6-1448-4504-a895-385a64140740.jpg?v=1718359410,Unitree B2 (Industriële Robothond),Unitree Robotics (Globaal),Overig (Quadruped),Adopt,"Voorbereiding, Inmeten & Inspectie",Veiligheidsinspectie,"Een robuuste, vierbenige robot (vergelijkbaar met Boston Dynamics Spot, maar vaak toegankelijker geprijsd) die door de modder en over puin loopt om 3D-scans en veiligheidsinspecties uit te voeren op ruwe infrastructuurprojecten.","The Qing Dao Fire Department in China has already integrated two Unitree B2 units into its rescue team, using them in forest fire drills for tasks ranging from locating fire sources to post-fire monitoring to prevent reignition.","3rd Floor, Building 1, Fengda Creative Park, No. 88 Dongliu Road, Binjiang District, Hangzhou City, Zhejiang Province, China"
81,https://www.m3design.com/wp-content/uploads/2021/04/01-Red-Dot-Hero-Image.png,ICON Vulcan (3D-printer),"ICON (Texas, USA / Globaal)",Overig (Gantry / Portaalsysteem),Adopt,Ruwbouw & Sloop,Volledig huis printen,"Een grootschalige, weersbestendige 3D-betonprinter die ter plaatse complete woningen print. ICON is bekend van het bouwen van de grootste 3D-geprinte wijk ter wereld (100 huizen in Texas) en verlaagt bouwtijd en afval aanzienlijk.","ICON has applied its Vulcan 3D-printing technology to several large-scale projects, most notably the Wolf Ranch neighborhood in Georgetown, Texas, where it partnered with Lennar to build 100 homes. Other applications include the expansion of the El Cosmico hotel in Marfa, Texas, and various affordable housing initiatives like the Community First! Village in Austin and a 50-home community in Tabasco, Mexico.","444 E St Elmo Rd, Austin, TX 78745, USA"
82,https://aquajet.se/bed/uploads/2022/01/aqua-cutter-750v_9.jpg,Aquajet Aqua Cutter,Aquajet Systems (Zweden / Globaal),Automated Guided Vehicles (Crawler),Adopt,Ruwbouw & Sloop,Beton slopen (Hydro),"Een hydrodemolition (hogedruk waterstraal) robot op rupsbanden. Deze robot verwijdert autonoom en met uiterste precisie beschadigd beton rondom wapeningsstaal zonder de constructie te beschadigen, wat veel veiliger is dan handmatig hakken.","The Aquajet Aqua Cutter has been used for various major infrastructure projects, including the Buffalo Skyway Bridge Rehabilitation in New York, where it was used by WALO USA for 190,000 square feet of bridge deck removal. Another significant application was the Cebu-Cordova Link Expressway in the Philippines, where an Aqua Cutter 710V was used to remove a bad batch of concrete from bridge pylons without damaging the rebar. Additionally, the technology was applied to remove over 300 cubic meters of concrete for new impact barriers in Vienna, Austria, and for spillway repairs at a dam in British Columbia.","Brunnsvägen 15, 574 53 Holsbybrunn, Sweden"
83,https://www.theb1m.com/assets/images/Hot+Wire+Cutting+CUR+Thumbnail.jpg?Action=thumbnail&algorithm=fill_proportional&width=550,Odico Formwork Robotics,Odico (Denemarken),Articulated Robots,Adopt,Prefab & Off-site Productie,Bekisting snijden,"Deze industriële robotarmen gebruiken verhitte draden (hot-wire cutting) of frezen om razendsnel complexe, op maat gemaakte bekistingen (zoals EPS/piepschuim) te snijden voor uitdagende betonvormen. Versnelt de voorbereiding van complexe architectuur.","Odico Formwork Robotics has been applied in several high-profile projects, including producing 2,500 unique formwork pieces for the double-curved glass facade of the Opus building in Dubai by Zaha Hadid Architects and creating EPS molds for the load-bearing concrete structures of the Fjordenhus (Kirk Kapital headquarters) in Denmark.","Oslogade 1, 5000 Odense C, Denmark"
84,https://www.civrobotics.com/_next/image?url=https%3A%2F%2Fd3bf96qx5wreyx.cloudfront.net%2FCiv_Dot_with_Laser_Yellow_PTU_770565b9c9.jpeg&w=3840&q=75,Civ Robotics (CivDot),Civ Robotics (USA),Automated Guided Vehicles (AGV's),Adopt,"Voorbereiding, Inmeten & Inspectie",Landmeten/Markeren,"Een autonome landmeet-rover ontworpen voor zware infrastructuur, zoals het uitzetten van zonneparken of snelwegen. De rover spuit verf of slaat zelfstandig markeerpinnen in de grond, wat het handmatige werk van landmeters in ruw terrein versnelt.","RP Construction Services used the CivDot+ for a solar project with a size of less than 20MW to accurately mark pile coordinates for steel I-beams, reducing surveying costs by 50%.","638 4th St, San Francisco, CA 94107, USA"
85,https://i0.wp.com/energizepseg.com/wp-content/uploads/2024/08/cisbot-in-pipe-aug2015-highres3-1.jpg?resize=770%2C514&ssl=1,ULC Technologies CISBOT,ULC Technologies (USA / UK),Overig (Pijpleiding Crawler),Adopt,GWW & Grondwerk,Gasleidingen dichten,"Cast Iron Sealing Bot (CISBOT) rijdt door ondergrondse, actieve gasleidingen om deze van binnenuit autonoom te repareren en te dichten. Hierdoor hoeven wegen niet over grote afstanden te worden opengebroken, wat enorme overlast en kosten bespaart.","ULC Technologies has deployed CISBOT for various projects, including a first-of-its-kind operation in Newark for PSE&G to remediate a 42-inch cast iron gas main under a major intersection, as well as rehabilitating low-pressure gas mains for SGN in Brighton and Edinburgh, UK.","88 Arkay Drive, Hauppauge, NY 11788, USA"
86,"https://static.wixstatic.com/media/7bf9a9_1e1fa150aa0b444ea51175a0a51298ff~mv2.png/v1/fill/w_400,h_600,al_c/7bf9a9_1e1fa150aa0b444ea51175a0a51298ff~mv2.png",Skelex 360,Skelex (Nederland / Europa),Overig (Passief Exoskelet),Adopt,Installatie & Afbouw,Armen ondersteunen,"Een geavanceerd biomechanisch exoskelet dat speciaal is ontworpen om het gewicht van de armen op te vangen en over te dragen naar de heupen. Ideaal voor lassers, monteurs en schilders die urenlang boven hun macht moeten werken.","Ton, a Dutch dairy farmer, uses the Skelex 360 in a swing-over milking setup to eliminate long-term shoulder pain and improve his quality of life. Other applications include aerospace sealers using it for precision tasks and construction professionals using it for ceiling installations and plastering.","Saturnusstraat 95, 2516 AG, Den Haag, Netherlands"
87,https://cybernetix.vc/wp-content/uploads/Jenni4_NYC_20.jpeg,Rugged Robotics (Marking Rover),"Rugged Robotics (Texas, USA)",Automated Guided Vehicles (AGV's),Trial / Adopt,"Voorbereiding, Inmeten & Inspectie",Vloerplattegrond printen,"Vergelijkbaar met HP SitePrint, maar met een robuuster ontwerp op kleine rupsbanden/wielen. Print complete CAD-plattegronden, inclusief tekst en muurcontouren, direct op de betonnen ruwbouwvloer om de faalkosten in de installatiefase te minimaliseren.","Rugged Robotics successfully piloted its layout technology with Brasfield & Gorrie at a hotel construction site in Dallas, where it completed multi-trade layout for a 25,000-square-foot floor. The technology has also been utilized by Suffolk Construction for the Mesquite Government Center project and by Turner Construction for the TDCJ Infirmary renovation.","6501 Navigation Blvd Suite K1, Houston, TX 77011"
88,https://www.3dwasp.com/wp-content/uploads/2023/05/Tecla-3d-printed-house-wasp-uai-959x959.jpeg,WASP (Crane WASP),WASP (Italië),Overig (Kabel/Portaal 3D-printer),Trial / Adopt,Ruwbouw & Sloop,Leem/Klei printen,"Een innovatieve 3D-printer die gebruikmaakt van lokale, duurzame materialen zoals leem, klei en landbouwafval om eco-vriendelijke, klimaatneutrale huizen te printen. Perfect voor circulaire bouwprojecten.","The Crane WASP technology has been used in several notable projects, including TECLA, an eco-sustainable habitat in Massa Lombarda, Italy, and GAIA, a 3D-printed house made from raw earth. Additional applications include a service building for Milan Bergamo Airport and residential projects in Japan and Colombia.","Via Castelletto 104, 48024 Massa Lombarda RA, Italy"
89,https://www.voxelmatters.com//wp-content/uploads/2023/01/diamond-age-2.jpeg,Diamond Age (Factory-in-the-Field),Diamond Age (USA),Hybride / Gantry met Robotarmen,Trial / Concept,Ruwbouw & Sloop,Printen en afbouwen,"Een enorm overkappend portaalsysteem dat eerst de binnen- en buitenmuren 3D-print met beton, om vervolgens via een gereedschapswissel (robotarmen) zelfstandig isolatie aan te brengen en sparingen voor kozijnen te frezen.","Diamond Age's technology has been used to build its first community of 3D-printed homes at Century Complete's Mountain View Estates in Casa Grande, Arizona. This project features single-story homes with concrete composite walls, with the first houses completed and put on sale in early 2023. Additionally, a home was built using this system in the Toltec Arizona Valley neighborhood in Eloy, Arizona.","4909 E Beverly Rd, Phoenix, Arizona 85044, USA"
90,https://images.squarespace-cdn.com/content/v1/5f8d88e4bd0e8d6aaec3d842/1655207946900-ST6E2U8VNSNHJQ77P5JR/5-HHH_4619.jpg,nLink Drillbotics,nLink (Noorwegen),Hybride Robots,Adopt,Installatie & Afbouw,Plafond boren,"Een mobiele boorrobot vergelijkbaar met de Hilti Jaibot. Aangestuurd door laser-positionering en BIM, boort deze robot automatisch duizenden gaten in harde betonnen plafonds voor het ophangen van ventilatie-, kabel- of leidinggoten.","The nLink drilling robot was successfully used in over 25 construction sites between 2013 and 2018, including a project for electrical contractor Vintervoll where it drilled holes for light fixtures in concrete ceilings. It has also been applied in projects for Norwegian contractors Mesta and Statsbygg to automate hanger placement.","Årøyvegen 7, 6856 Sogndal, Norway"
91,https://www.hondadreams.es/wp-content/uploads/awv20232-004-scaled.jpg,Honda AWV (Autonomous Work Vehicle),"Honda, Black & Veatch (USA / Globaal)",Automated Guided Vehicles (AGV's),Trial / Adopt,Logistiek & Ondersteuning,Materiaal navigeren,"Een robuust, zelfrijdend elektrisch voertuig met laadbak dat autonoom zware bouwmaterialen en water over zeer ruw terrein naar de juiste werkplek navigeert, wat de efficiëntie van de werflogistiek aanzienlijk verbetert.","Honda and Black & Veatch successfully tested the second-generation Autonomous Work Vehicle at a 1,000-acre solar energy construction site in New Mexico, where multiple units collaboratively transported materials and water.","11401 Lamar Avenue, Overland Park, KS 66211, USA"
92,https://cdn.prod.website-files.com/67bd8c9109ade28c797338aa/67e3fe40553319a000df0326_air%20force%20.png,Ghost Robotics Vision 60,Ghost Robotics (USA / Globaal),Overig (Quadruped),Adopt,"Voorbereiding, Inmeten & Inspectie",Werfbeveiliging,"Een extreem weerbestendige en robuuste robothond. Deze robot patrouilleert vaak na de reguliere werkuren autonoom over de bouwplaats voor diefstalpreventie, veiligheidsinspecties en het inmeten van de voortgang.","The Ghost Robotics Vision 60 is being used by the U.S. Air Force at Tyndall Air Force Base, where the 325th Security Forces Squadron integrated the robots in March 2022 for autonomous security and patrolling operations. Additionally, the robot has been deployed by Japan’s Ground Self-Defense Force to support search, logistics, and safety operations in earthquake-stricken areas.","3401 Grays Ferry Ave, Philadelphia, PA 19146, USA"
93,https://static.canadianmetalworking.com/a/airframe-from-levitate-technologies-offers-upper-body-support-to-workers-1524667172.jpg?size=1000x,Levitate AIRFRAME,Levitate Technologies (USA / Globaal),Overig (Passief Exoskelet),Adopt,Installatie & Afbouw,Gewicht armen opvangen,"Een lichtgewicht, biomechanisch exoskelet dat specifiek ontworpen is om het gewicht van de armen en het gereedschap op te vangen. Het voorkomt spiervermoeidheid en schouderblessures bij langdurig bovenhands installatiewerk.","Toyota's assembly plant in Princeton, Indiana, has deployed 200 Levitate AIRFRAME units to help workers manage repetitive arm motions and overhead tasks, while John Deere and Toyota Canada have also conducted studies using the technology in their manufacturing facilities.","9540 Waples St Suite F, San Diego, CA 92121, USA"
94,"https://dnge9sb91helb.cloudfront.net/imagetilewm/product/e7a61a99/terox-drilltower-x-dt-epiroc-t,1c66f480.jpg",Epiroc Geautomatiseerde Boorinstallaties,Epiroc (Zweden / Globaal),Automated Guided Vehicles (AGV's) / Hybride,Adopt,GWW & Grondwerk,Rotsboren (Tunnels),"Zware, computergestuurde boormachines voor tunnelbouw en mijnbouw. Ze werken complexe, voorgeprogrammeerde boorpatronen in rotswanden met uiterste precisie af, waardoor operators buiten de gevarenzone kunnen blijven.","Epiroc has implemented automated drilling technology at the Hollinger Open Pit mine in Canada, where SmartROC D65 autonomous drill rigs are used to improve safety and productivity. Additionally, a collaborative project at the Boliden Garpenberg mine in Sweden successfully demonstrated autonomous face drilling in April 2025.","Sickla Industriväg 19, SE-131 54 Nacka, Sweden"
95,https://www.hyperionrobotics.com/wp-content/uploads/2025/01/pad_printing_04-3.png,Hyperion Robotics (3D Micro-fabrieken),Hyperion Robotics (Finland),Articulated Robots,Trial / Adopt,Ruwbouw & Sloop,Reststroom beton printen,"Mobiele 3D-betonprintfabrieken die lokaal en op aanvraag gerecycled beton en industriële reststromen printen tot duurzame constructie-elementen, zoals funderingen of leidingkanalen. Het bespaart enorm veel transport- en materiaalkosten.","Hyperion Robotics partnered with Yorkshire Water and Mott MacDonald Bentley in 2023 to install four 3D-printed low-carbon concrete drawpits at the Esholt sewage treatment works in the UK, which resulted in a 40% reduction in embodied carbon compared to conventional methods.","Vitikka 6, 02630 Espoo, Finland"
96,https://www.batiradio.com/wp-content/uploads/2021/02/Chariot-manutention.jpeg,K-Ryole Slimme Elektrische Kruiwagen,K-Ryole (Frankrijk / Europa),Hybride / Ergonomie,Adopt,Logistiek & Ondersteuning,Zwaar puin kruien,"Een innovatieve aanhanger en kruiwagen voor de bouwplaats met ingebouwde algoritmes en krachtsensoren. Het systeem elimineert trekinspanning volledig, waardoor één werknemer probleemloos en zonder fysieke belasting tot 250 kg kan verplaatsen.","Amazon uses K-Ryole electric trailers in New York to facilitate the transport of heavy loads, while Stuart utilizes them in Paris for eco-friendly deliveries that are twice as fast as traditional vans.","ZA La Guittière, 49140 Seiches-sur-le-Loir, France"
97,https://www.somero.com/wp-content/uploads/2025/08/IMG_5555.jpeg,Somero Laser Screed (Automatische Betonafwerking),Somero Enterprises (Globaal),Automated Guided Vehicles (AGV's),Adopt,Ruwbouw & Sloop,Betonvloer egaliseren,"Geavanceerde, lasergestuurde machines die vers gestorte betonvloeren volautomatisch, razendsnel en met de hoogst mogelijke vlakheidstoleranties egaliseren. Het vervangt uren aan zwaar, handmatig zwoegen in nat beton.","Somero laser screeds are used globally for large-scale concrete projects, such as the construction of Amazon warehouses where laser screed use is often required to meet high flatness tolerances. Specific examples include the use of the SkyScreed 36 by CG Schmidt on a structural concrete deck in Milwaukee to achieve high FL numbers, and Miller & Long using the same technology for a project in Reston, Virginia.","14530 Global Parkway, Fort Myers, FL 33913, USA"
98,https://robotize.com/hs-fs/hubfs/e24-3.jpg?width=500&height=305&name=e24-3.jpg,Robotize GoPal AMR,Robotize (Denemarken),Automated Guided Vehicles (AGV's),Adopt,Prefab & Off-site Productie,Interne fabriekstransport,Autonome mobiele robots die specifiek in bouw- en timmerfabrieken pallets met zware materialen oppakken en afleveren. Ze maken de interne logistiek veel veiliger en soepeler vergeleken met het gebruik van traditionele vorkheftrucks.,"Marquardt, a manufacturer of switching systems, implemented a fleet of nine Robotize GoPal E24 AMRs at its 25,000 sqm plant in Romania to automate internal material transport across 52 routes. The robots handle over 600 orders daily, transporting components to assembly lines and moving finished goods to the warehouse while navigating narrow passages and communicating with infrastructure like automated doors.","Maglebjergvej 5B, 2800 Kgs. Lyngby, Denmark"
99,https://www.shimz.co.jp/en/company/about/sit/facility/facility14/images/img_index_04.jpg,Shimizu Robo-Welder,Shimizu Corporation (Japan),Articulated Robots (Mobiele Robotarm),Adopt,Ruwbouw & Sloop,Staalconstructies lassen,Mobiele lasrobots die op de bouwplaats stalen kolommen en balken autonoom aan elkaar lassen. Ze werken vaak 's nachts door en bieden een direct antwoord op het groeiende tekort aan gespecialiseerde en gecertificeerde lassers.,"Shimizu Corporation has deployed the Robo-Welder at the Toranomon-Azabudai District Category 1 Urban Redevelopment Project in Tokyo, where it is used to weld massive steel columns. The technology has also been tested at the Robot Laboratory within Shimizu's Institute of Technology in Etchujima, Tokyo, and was planned for use on a high-rise building project in Osaka.","2-16-1 Kyobashi, Chuo-ku, Tokyo 104-8370, Japan"
100,https://www.randek.com/templates/yootheme/cache/23/ZeroLabor_factory_webfriendely-2312e03d.jpeg,Randek AutoEye / ZeroLabor (Houtbouw),Randek (Zweden / Globaal),Articulated Robots / Portaal,Adopt,Prefab & Off-site Productie,Houtskeletbouw assembleren,"Een geavanceerd robotsysteem voor de houtskeletbouw dat via AI en vision-systemen zelfstandig plaatmaterialen oppakt, positioneert, freest en vastspijkert. Dit verhoogt de productiecapaciteit voor modulaire woningbouw drastisch.","Holzbau Potts in Germany uses the Randek AutoEye Truss System to produce roof trusses for components up to 24.5 meters long, tripling their productivity to 125 binders per shift. Other users include Pasquill in the UK, FrameTec in the USA, and Chevron Royal in Canada.","Vagnsvägen 1, 311 32 Falkenberg, Sweden"