Nr,Naam Usecase,Project Partners & Locatie,Type Robot,Radar (Status),Bouwtaak,Omschrijving & Impact
1,Robot gemetselde muur,"Dura Vermeer, Monumental (Amsterdam, NL)",Hybride Robots,Adopt,Afbouw,"Een vloot van autonome robots die complexe bakstenen gevels bouwt, ontworpen om het wereldwijde tekort aan arbeidskrachten en woningen aan te pakken."
2,HP SitePrint,HP (Globaal),Automated Guided Vehicles (AGV's),Adopt,Inspectie & inmeten,"Een autonome printrobot die bouwtekeningen direct op de werkvloer uitzet, wat de lay-out productiviteit en precisie aanzienlijk verhoogt in vergelijking met handmatig werk."
3,TyBOT,Advanced Construction Robotics (USA),Overig / Gantry,Adopt,GWW & grondwerk,Een autonome robot die wapeningsstaal op bruggen vastbindt zonder pre-programmering
4,Hadrian X,FBR (USA / Australië),Articulated Robots,Adopt / Trial,Ruwbouw,"Een truck-gemonteerde automatische metselrobot die via 3D CAD-modellen op hoge snelheid betonblokken legt, wat handmatig zwaar tillen vervangt."
5,Zelfrijdende asfaltwals,"Heijmans, Avular, Dynapac (Schiphol, NL)",Automated Guided Vehicles (AGV's),Trial,GWW & grondwerk,"Autonome walsen voor de wegenbouw die de asfalteringskwaliteit verhogen en operators weghalen uit gevaarlijke, fysiek zware werkzones."
6,Tiger-Stone / RoadPrinter,Tiger-Stone (Nederland),Overig,Adopt,GWW & grondwerk,"Een zwaartekrachtgebaseerde bestratingsmachine waarbij stratenmakers op een platform rechtop staan om stenen in te voeren, wat continu werken op de knieën elimineert."
7,3D-geprinte woningen,"Weber Beamix (Eindhoven, NL)",Articulated Robots,Adopt,Ruwbouw,Het inzetten van robotarmen voor het lokaal 3D-printen van dragende betonnen muren
8,LIFTBOT,"Kewazo (Rosemount, MN)",Overig,Adopt,Logistiek & ondersteuning,"Een autonoom en slim liftsysteem voor steigerbouw dat zwaar bouwmateriaal transporteert, ter verlichting van de logistieke last op vakmensen."
9,Semi-automatische boorrobot,"Hilti, De Groot Installatietechniek (Groningen, NL)",Hybride Robots,Adopt,Installatie & montage,Een mobiele robot (Jaibot) die autonoom bovenhandse gaten boort in plafonds
10,Tesla Optimus Gen 3,Tesla (Globaal),Humanoïde robots,Concept / Trial,Logistiek & ondersteuning,"Een mensachtige robot in ontwikkeling voor ongestructureerde werkomgevingen, met de potentie om repetitieve, fysieke logistieke taken in de bouw over te nemen."
11,Sitegeist Betonherstel,"Sitegeist / TUM (München, DE)",Automated Guided Vehicles (AGV's),Adopt,Installatie & montage,Een AI-gestuurde robot die zonder 3D-model beschadigd beton verwijdert. Het werkt tot 10x sneller dan handmatig en verlaagt veiligheidsrisico's aanzienlijk.
12,Robotplotter,"Ballast Nedam, Tyker (Vlaardingen, NL)",Automated Guided Vehicles (AGV's),Adopt,Installatie & montage,"Een mobiele robot voor het autonoom en digitaal uitzetten van markeringen en lijnen op de bouwplaats, wat foutmarges verkleint en efficiëntie verhoogt."
13,Drone Inspectie,"Ballast Nedam, ZXY Builders (Nederland)",Overig (Drone),Adopt,Inspectie & inmeten,Inzet van drones voor luchtinspecties en inmeten. Neemt gevaarlijke inspectietaken op hoogte over en zorgt voor consistente dataverzameling.
14,AI-noodremassistent Vrachtwagen,"Heijmans, BAS Truck Center (Veghel, NL)",Overig,Trial,Logistiek & ondersteuning,"Toepassing van geautomatiseerde remsystemen op zwaar transport om de veiligheid in de onvoorspelbare, dynamische omgeving van een bouwplaats te borgen."
15,Robotic 3D Printing Trap,"Neolithic 3D (Haarlem / Zwolle, NL)",Articulated Robots,Adopt,In de fabriek (Prefab),"Het gebruik van robotarmen in een gecontroleerde fabrieksomgeving om betonnen trappen te 3D-printen, wat materiaal bespaart en zwaar gietwerk op de bouwplaats elimineert."
16,Atlas,Boston Dynamics (Globaal),Humanoïde robots,Concept / Trial,Logistiek & inspectie,Een geavanceerde tweevoetige robot die fungeert als onderzoeksplatform voor mobiliteit en balans. Biedt in de toekomst potentie voor navigatie op complexe bouwplaatsen vol obstakels.
17,Figure 01,Figure AI (Globaal),Humanoïde robots,Concept / Trial,Logistiek & ondersteuning,"Ontwikkeld voor industriële en logistieke toepassingen. Ontworpen om te opereren in een omgeving gebouwd voor mensen, ideaal voor hybride samenwerking en assisterende taken."
18,Digit,Agility Robotics (Globaal),Humanoïde robots,Concept / Trial,Logistiek & ondersteuning,"Een tweevoetige robot speciaal ontwikkeld voor logistieke taken zoals het tillen en verplaatsen van materialen, wat de loopafstanden en fysieke belasting voor bouwvakkers vermindert."
19,Mobiele 3D Betonprinter,CyBe Construction (Nederland),Articulated Robots,Adopt,Ruwbouw,"Robotarmen op rupsbanden of vaste opstellingen (zoals ingezet bij 'De Vergaderfabriek') die muren en structuren on-site printen, ter vervanging van fysiek intensief metselwerk."
20,Passief Exoskelet (Wearable Robot),Diverse ontwikkelaars,Overig (Exoskeleton),Trial / Adopt,GWW & Ruwbouw,"Draagbare robotica (zoals passieve exoskeletten) die het lichaam mechanisch ondersteunen tijdens langdurig voorovergebogen of zwaar werk, zoals het vlechten van wapeningsstaal, ter reductie van lage rugklachten."
21,IronBOT,Advanced Construction Robotics (USA),Overig / Gantry,Adopt,GWW & grondwerk,Werkt naadloos samen met de TyBOT
22,Apptronik Apollo,Apptronik (USA / Globaal),Humanoïde robots,Concept / Trial,Logistiek & ondersteuning,"Een humanoïde robot ontworpen voor algemene inzetbaarheid, ideaal voor het tillen van materialen en het assisteren van menselijke collega's op dynamische bouwplaatsen."
23,Autonome Wals (BOMAG/Fayat),Fayat Group (Internationaal),Automated Guided Vehicles (AGV's),Trial,GWW & grondwerk,Zelfrijdende walsen voor de verdichting van asfalt en grond
24,Project Milestone (3D-print),"Weber Beamix e.a. (Eindhoven, NL)",Articulated Robots,Adopt,Ruwbouw,"Een grootschalig project waarbij complete, bewoonbare betonnen huizen laagsgewijs worden geprint, wat materiaalverspilling minimaliseert en de bouwtijd verkort."
25,Newo Metselrobot,Newo / Start-ups (Nederland),Hybride Robots,Trial / Adopt,Afbouw,"Een innovatieve Nederlandse toepassing om het traditionele, fysiek zware metselwerk te automatiseren met behulp van AI en robotica, inspelend op het tekort aan vaklieden."
26,Passief Exoskelet (Specifiek voor vlechtwerk),Diverse (Onderzoeksfase) (Globaal),Overig (Exoskeleton),Trial,GWW & Ruwbouw,Een draagbare robotische ondersteuning die specifiek is getest om de spieractiviteit in de onderrug significant te verlagen tijdens het langdurig voorovergebogen vlechten van staal.
27,Sanctuary AI Phoenix,Sanctuary AI (Globaal),Humanoïde robots,Concept,Assisterende montage,Een geavanceerde humanoïde robot met een focus op fijne motoriek en AI
28,1X Neo / Eve,1X Robotics (Globaal),Humanoïde robots,Concept / Trial,Beveiliging & Inspectie,Tweevoetige en op wielen gebaseerde humanoïde robots die door hun wendbaarheid geschikt zijn voor autonome inspectie- en veiligheidsrondes buiten de reguliere werktijden.
29,Robotica in Real Estate & Onderhoud,Diverse leveranciers (Globaal),Automated Guided Vehicles (AGV's),Adopt,Renovatie & Onderhoud,"Facilitaire en onderhoudsrobots die ingezet worden na de bouwfase, bijvoorbeeld voor complexe schoonmaak of inspectie van gevels, waardoor gevaarlijk werk op hoogte afneemt."
30,Autonome Veiligheidsrobots,Diverse (Start-ups) (Globaal),Hybride / AGV,Trial / Adopt,Inspectie & inmeten,"Robots uitgerust met sensoren die zelfstandig gevaarlijke zones (zoals instabiele structuren of slooplocaties) betreden om data te verzamelen, zodat mensen op veilige afstand blijven."
31,Spot (Bouwhond),"Boston Dynamics, Trimble (Globaal)",Overig (Quadruped),Adopt,Inspectie & inmeten,"Een wendbare, vierbenige robot uitgerust met 3D-laserscanners die zelfstandig door ruwe bouwplaatsen navigeert om de dagelijkse voortgang vast te leggen en veiligheidsrisico's te monitoren."
32,SAM100 (Semi-Automated Mason),Construction Robotics (USA / Globaal),Hybride Robots,Adopt,Afbouw / Ruwbouw,"Een robot die samenwerkt met een metselaar. SAM100 neemt het repetitieve tillen en plaatsen van bakstenen voor zijn rekening, terwijl de vakman zich richt op de afwerking en kwaliteit."
33,MULE (Lift-assistent),Construction Robotics (USA / Globaal),Overig (Ergonomie),Adopt,Logistiek & ondersteuning,"Een semi-geautomatiseerd hijssysteem (Material Unit Lift Enhancer) dat zware bouwblokken gewichtloos laat aanvoelen, wat fysieke uitputting en rugklachten bij bouwvakkers drastisch vermindert."
34,Canvas (Gipsplaat-afwerking),Canvas (USA),Hybride Robots,Trial / Adopt,Afbouw,Een mobiele robotarm die autonoom naden van gipsplaten vult en schuurt. Dit vermindert de blootstelling van werknemers aan gevaarlijk fijnstof en langdurig bovenhands werken.
35,Exosystem (Autonoom Graven),Built Robotics (USA / Australië),Automated Guided Vehicles (AGV's),Adopt,GWW & grondwerk,Een aftermarket-systeem dat reguliere graafmachines transformeert in autonome sleuvengravers. Verhoogt de productiviteit en haalt operators uit gevaarlijke greppels.
36,Dusty FieldPrinter,Dusty Robotics (USA),Automated Guided Vehicles (AGV's),Adopt,Inspectie & inmeten,Een mobiele robot die digitale BIM-modellen rechtstreeks op betonnen vloeren print (vergelijkbaar met HP SitePrint). Vermindert meetfouten en versnelt de voorbereiding voor installateurs.
37,BOD2 (3D Betonprinter),COBOD (Denemarken / Globaal),Overig (Gantry),Adopt,Ruwbouw,Een modulaire 3D-constructieprinter die laagsgewijs funderingen en muren print. Wordt wereldwijd ingezet om snel en met minimale materiaalverspilling (prefab) woningen op te bouwen.
38,Op afstand bestuurbare Slooprobots,Brokk / Husqvarna (Globaal),Hybride Robots,Adopt,Sloop & Demontage,"Compacte robots op rupsbanden met zware sloophamers, bediend op veilige afstand. Deze elimineren het risico op instortingen of trillingsziektes (wittevingersyndroom) bij werknemers."
39,ANYmal (Industriële Inspectie),ANYbotics (Zwitserland),Overig (Quadruped),Trial / Adopt,Inspectie & inmeten,"Een robuuste robotische hond, ontworpen voor complexe industriële omgevingen. Ideaal voor het autonoom inspecteren van gevaarlijke of moeilijk bereikbare zones, zoals tunnels of energiecentrales in aanbouw."
40,Autonome Bouwplaats Rover,Scaled Robotics (Spanje / Globaal),Automated Guided Vehicles (AGV's),Trial,Inspectie & inmeten,Een compact voertuig dat autonoom over de bouwplaats rijdt om 3D-scans te maken. De software vergelijkt de gebouwde realiteit direct met het BIM-model om faalkosten in een vroeg stadium te voorkomen.
41,Schindler R.I.S.E,Schindler (Zwitserland / Globaal),Hybride Robots,Adopt,Installatie & montage,"Een autonome boorrobot (Robotic Installation System for Elevators) die zelfstandig de ruwe liftkoker scant en gaten boort voor de geleiderails. Haalt monteurs uit een repetitieve, gevaarlijke werkomgeving."
42,Baubot (Modulair Platform),Printstones (Oostenrijk),Automated Guided Vehicles (AGV's),Trial,Ruwbouw / Logistiek,"Een mobiel robotplatform op rupsbanden dat kan worden uitgerust met wisselbare robotarmen en tools (zoals frezen, boren of printen). Zeer flexibel voor wisselende omstandigheden op de bouwplaats."
43,Okibo Schilderrobot,Okibo (Israël),Hybride Robots,Trial,Afbouw,Een autonome mobiele robot die muren en plafonds in 3D inmeet en vervolgens zelfstandig pleisterwerk en verf aanbrengt. Dit elimineert de noodzaak voor schilders om dagenlang op steigers of trappen te werken.
44,Elios (Besloten Ruimtes),Flyability (Zwitserland),Overig (Drone),Adopt,Inspectie & inmeten,"Een inspectiedrone beschermd door een bolvormige kooi. Wordt gebruikt in de bouw om diepe schachten, leidingsystemen en kruipruimtes te inspecteren zonder dat mensen fysiek deze nauwe, gevaarlijke ruimtes in hoeven."
45,Autonoom Grondverzet,Caterpillar (Command) / Komatsu (USA / Japan),Automated Guided Vehicles (AGV's),Adopt,GWW & grondwerk,"Het automatiseren van zware graafmachines en bulldozers op grote infraprojecten. Ze voeren grondverzet op basis van GPS en 3D-modellen volledig autonoom uit, wat zorgt voor millimeterprecisie en veiligere werkterreinen."
46,Volautomatische Vlinderrobot,o.a. Wacker Neuson / Somero (Globaal),Hybride Robots,Trial / Adopt,Ruwbouw,"Zelfrijdende betonafwerkingsmachines (vlindermachines) die recent gestorte betonvloeren polijsten. Neemt zwaar trillend, nachtelijk werk over waarbij de operator normaal in een onnatuurlijke houding moet zitten."
47,Kite Robot,Kite Robotics (Nederland),Overig (Kabelrobot),Adopt,Renovatie & Onderhoud,Een geautomatiseerd was- en reinigingssysteem voor gevels en ramen dat via kabels langs het gebouw beweegt. Vervangt gevaarlijk werk waarbij glazenwassers in hangbakken op grote hoogte moeten werken.
48,C-Bot (Prefab Robotlassen),Diverse staalbouwers (Globaal),Articulated Robots,Adopt,In de fabriek (Prefab),"Het inzetten van industriële robotarmen om stalen constructiedelen (zoals HEA-balken) in de fabriek te lassen, rechtstreeks aangestuurd vanuit het BIM-model. Vangt het chronische tekort aan gecertificeerde lassers op."
49,Crawler Robots (Leidinginspectie),Diverse leveranciers (o.a. IBAK) (Globaal),Automated Guided Vehicles (AGV's),Adopt,Inspectie & inmeten,"Kleine wagentjes op wielen of rupsbanden, voorzien van camera's, die door nieuw aangelegde buizen en rioleringen rijden om direct kwaliteitscontroles uit te voeren zonder graafwerk achteraf."
50,AI-Kranen (Vita Load Navigator),Vita Inclinata (USA),Overig (Slim hijsen),Adopt,Logistiek & ondersteuning,"Een systeem met actuatoren en AI dat aan de haak van een hijskraan hangt en grote lasten (zoals prefab betonplaten) volautomatisch stabiliseert, zelfs bij harde wind. Voorkomt dodelijke ongevallen en ontlast de kraanmachinist."
51,SkyMul SkyTy,SkyMul (Globaal / USA),Overig (Drones),Trial / Concept,GWW & Ruwbouw,"Een zwerm drones ontworpen om autonoom wapeningsstaal (rebar) te detecteren en te vlechten vanuit de lucht. Dit versnelt de productiviteit en haalt werknemers weg van zware, repetitieve taken op de grond en oneffen terrein."
52,BackX (SuitX / U.S. Bionics),SuitX (Globaal),Overig (Passief Exoskelet),Adopt,GWW & Ruwbouw,"Een passief draagbaar exoskelet dat specifiek de onderrug mechanisch ondersteunt tijdens langdurig voorovergebogen werk, zoals het vlechten van staal of handmatig bestraten. Het verlaagt het risico op spier- en gewrichtsklachten aanzienlijk."
53,Hilti EXO-01,Hilti (Globaal),Overig (Passief Exoskelet),Adopt,Installatie & montage,"Een draagbaar exoskelet ontworpen om de armen en schouders te ondersteunen bij zwaar, repetitief bovenhands werk (zoals gaten boren in plafonds of leidingen installeren), wat vermoeidheid en blessures bij installateurs voorkomt."
54,Unitree G1 / H1,Unitree Robotics (Globaal),Humanoïde robots,Concept / Trial,Logistiek & Inspectie,"Betaalbare en uiterst wendbare humanoïde robots met AI, ontworpen om te navigeren in complexe en ongestructureerde bouwomgevingen. Ze bieden potentie voor autonome inspectierondes of het verplaatsen van bouwmaterialen."
55,Neura 4NE-1,Neura Robotics (Duitsland / Globaal),Humanoïde robots,Concept / Trial,Logistiek & ondersteuning,Een cognitieve humanoïde robot die is uitgerust met geavanceerde sensoren om veilig en naadloos met mensen samen te werken. Gericht op materiaalverwerking en het assisteren van vakmensen om fysieke overbelasting te voorkomen.
56,Toggle (Robotic Rebar Prefabrication),"Toggle (New York, USA)",Articulated Robots (Robotarmen),Adopt,In de fabriek (Prefab),Het inzetten van industriële robotarmen gecombineerd met slimme software om wapeningskorven voor betonconstructies in de fabriek te prefabriceren. Dit verdubbelt de productiesnelheid en zorgt voor een veel veiligere werkomgeving ten opzichte van de bouwplaats.
57,Apis Cor 3D-printer,Apis Cor (Globaal / USA),Articulated Robots / Overig,Adopt,Ruwbouw,"Een compacte, kraan-achtige 3D-betonprinter die op de bouwplaats volledige dragende muren en gebouwstructuren uitprint. Minimaliseert logistieke bewegingen, materiaalverspilling en verlaagt de benodigde handmatige arbeidskracht."
58,Teleo (Semi-Autonoom Retrofit Systeem),Teleo (Globaal / USA),Hybride / AGV,Trial / Adopt,GWW & grondwerk,Aftermarket retrofit-kits die bestaande zware bouwmachines (zoals laders en bulldozers) transformeren naar semi-autonome of op afstand bestuurbare apparaten. Operators kunnen vanuit een veilige kantooromgeving meerdere machines tegelijk bedienen.
59,Q-Bot Vloerisolatie Robot,Q-Bot (VK / Europa),Automated Guided Vehicles (Crawler),Adopt,Renovatie & Onderhoud,"Een kleine, op afstand bestuurbare robot op wielen die in extreem krappe kruipruimtes onder vloeren wordt gestuurd om veilig isolatieschuim aan te brengen. Voorkomt dat mensen in ongezonde en gevaarlijke ruimtes hoeven te werken."
60,Branch Technology (C-Fab),Branch Technology (USA),Articulated Robots,Adopt,In de fabriek (Prefab),"Maakt gebruik van gigantische industriële robotarmen voor ""Cellular Fabrication"". Er worden lichte maar enorm sterke 3D-geprinte polymeermatrix-structuren gemaakt voor gevels. Dit combineert enorme architectonische ontwerpvrijheid met drastische materiaalreductie."
61,Sarcos Guardian XO,Sarcos Robotics (Globaal),Actief Exoskelet,Trial / Concept,Logistiek & ondersteuning,"Een aangedreven (actief) exoskelet dat de drager in staat stelt om zware bouwmaterialen (tot wel 90 kg) herhaaldelijk te tillen zonder fysieke inspanning, ter voorkoming van ernstige rugklachten."
62,OTTO 1500 AMR,OTTO Motors (Globaal),Automated Guided Vehicles (AGV's),Adopt,In de fabriek (Prefab),"Zware autonome mobiele robots die in prefab-fabrieken en grote logistieke hubs ladingen tot 1500 kg zelfstandig verplaatsen, wat onveilige handmatige vorkheftrucks op de werkvloer vervangt."
63,Doxel AI Rover,Doxel (USA),Automated Guided Vehicles (AGV's),Adopt,Inspectie & inmeten,Een autonome robot op rupsbanden die na sluitingstijd de ruwbouw scant met LiDAR en camera's. De AI vergelijkt de scans met de BIM-planning om de voortgang en kwaliteit dagelijks te bewaken.
64,Ekso Bionics EVO,Ekso Bionics (Globaal),Overig (Passief Exoskelet),Adopt,Installatie & montage,"Een lichtgewicht, passief exoskelet specifiek ontworpen om de druk en vermoeidheid in schouders en armen drastisch te verminderen bij langdurig bovenhands werk (zoals plafondplaten of installatietechniek)."
65,Clearpath Husky UGV,Clearpath Robotics (Canada),Automated Guided Vehicles (AGV's),Trial,GWW & grondwerk,Een robuust onbemand grondvoertuig (UGV) dat in zeer ruw terrein kan opereren. Wordt ingezet als autonome lastdrager voor zwaar gereedschap of uitgerust met sensoren voor complexe landmetingen.
66,TraceAir Drone Intelligence,TraceAir (USA),Overig (Drones),Adopt,Inspectie & inmeten,Een drone- en AI-platform dat autonoom grote infra-projecten scant. Het automatiseert volumemetingen van grondverzet en optimaliseert de inzet van zwaar materieel.
67,Volvo EX03 Electric Concept,Volvo Construction Equipment (Globaal),Hybride Robots,Concept / Trial,GWW & grondwerk,"Een middelgrote (14 ton) elektrische graafmachine die is ontwikkeld als testplatform voor toekomstige geautomatiseerde en deels autonome, emissievrije graaftaken in stedelijke gebieden."
68,Robo-Mate,Europees Onderzoeksconsortium (EU),Actief Exoskelet,Trial,Logistiek & ondersteuning,"Een door de EU gefinancierd project dat actieve exoskeletten ontwikkelt speciaal voor de bouw en industrie, om zware lasten virtueel gewichtloos te maken voor de drager."
69,Quasi AI Model C2,Quasi Robotics (Globaal),Automated Guided Vehicles (AGV's),Trial / Adopt,Logistiek & ondersteuning,"Een AMR gedreven door traceerbare, algoritmische AI (afgestemd op compliance met de EU AI Act) voor het veilig en autonoom verplaatsen van onderdelen en materialen in dynamische omgevingen."
70,Noetix Bumi,Noetix (Globaal),Humanoïde robots,Concept,Logistiek & inspectie,"Gepositioneerd als een van de meest betaalbare humanoïde instapmodellen (zoals uitgelicht in marktrapporten voor 2026), ontworpen voor logistieke en repetitieve inspectietaken en ideaal voor vroege pilotprojecten in de bouw."
71,KUKA KR QUANTEC (Prefab Houtbouw),KUKA (Globaal) / Diverse houtbouwers,Articulated Robots (Robotarmen),Adopt,In de fabriek (Prefab),"Zware, industriële robotarmen die in de fabriek worden ingezet voor het volautomatisch frezen, zagen en assembleren van houtskeletbouw en CLT-panelen (Cross-Laminated Timber). Dit versnelt de transitie naar duurzame, modulaire houtbouw."
72,PACO Schilderrobot,Les Compagnons (Frankrijk / Europa),Hybride Robots (Cobot),Trial / Adopt,Afbouw,"Een collaboratieve schilderrobot (cobot) die schilders helpt bij het sausen van grote, eentonige wandoppervlakken. De vakman doet het precisiewerk (de randen), terwijl PACO de grote meters maakt, wat RSI en schouderklachten voorkomt."
73,Gecko Robotics (Inspectie Crawler),Gecko Robotics (Globaal),Automated Guided Vehicles (Wall-crawler),Adopt,Inspectie & inmeten,"Magnetische en vacuüm-gebaseerde kruiprobots die verticaal tegen stalen constructies, silo's en pijpleidingen opklimmen om ultrasone wanddiktemetingen en lasinspecties uit te voeren. Vervangt levensgevaarlijk inspectiewerk op extreme hoogtes."
74,HausBots (Gevelrobot),HausBots (Verenigd Koninkrijk),Overig (Wall-crawler),Trial / Adopt,Renovatie & Onderhoud,Een robot die via een krachtig vacuümsysteem tegen vrijwel elk verticaal oppervlak kan rijden (inclusief baksteen en beton) om verf te spuiten of vochtwerende coatings aan te brengen. Maakt dure en tijdrovende steigerbouw vaak overbodig.
75,Makita Industriële Robotstofzuiger (DRC-serie),Makita (Globaal),Automated Guided Vehicles (AGV's),Adopt,Logistiek & ondersteuning (Schoonmaak),"Autonome, zware stofzuigrobots die op de bouwplaats na werktijd zelfstandig magazijnen, in aanbouw zijnde hallen of werkplaatsen stofvrij maken. Draagt bij aan een veiligere en gezondere (stofvrije) werkomgeving zonder extra manuren."
76,Outrider (Autonome Yard Trucks),Outrider (USA),Automated Guided Vehicles (Autonome Voertuigen),Trial / Adopt,Logistiek & ondersteuning,"Geautomatiseerde, elektrische vrachtwagentjes (yard trucks) die op grote materiaaldepots en prefab-werven zelfstandig trailers met bouwmaterialen aan- en afkoppelen en verplaatsen. Optimaliseert de logistieke stroom naar de bouwplaats."
77,SmartLift (Geautomatiseerde Glas- en Platenlift),SmartLift (Denemarken / Globaal),Hybride Robots,Adopt,Installatie & montage,"Geavanceerde, deels autonome tilhulpen op wielen die loodzware glasplaten of gevelelementen exact op de millimeter positioneren. Vermindert het aantal benodigde monteurs per ruit en elimineert het risico op ruitschade en fysieke overbelasting."
78,Emesent Hovermap (SLAM Drones),Emesent (Australië / Globaal),Overig (Drones / Scanner),Adopt,Inspectie & inmeten,"Een geavanceerde LiDAR-scanner die aan drones of robots (zoals Spot) wordt gehangen en via SLAM-technologie (Simultaneous Localization and Mapping) autonoom door donkere, GPS-loze omgevingen navigeert, zoals tunnels en schachten in aanbouw."
79,Autonome Bermmaaier (Infra & GWW),Diverse leveranciers (o.a. Herder / Husqvarna),Automated Guided Vehicles (AGV's),Trial / Adopt,GWW & grondwerk / Onderhoud,"Zelfrijdende, vaak rupsaangedreven maairobots die veilig kunnen werken op steile taluds langs snelwegen. Ze halen de operator uit een gevaarlijke hellingshoek en voorkomen ongelukken met kantelende tractoren."
80,Unitree B2 (Industriële Robothond),Unitree Robotics (Globaal),Overig (Quadruped),Adopt,Inspectie & inmeten,"Een robuuste, vierbenige robot (vergelijkbaar met Boston Dynamics Spot, maar vaak toegankelijker geprijsd) die door de modder en over puin loopt om 3D-scans en veiligheidsinspecties uit te voeren op ruwe infrastructuurprojecten."
81,ICON Vulcan (3D-printer),"ICON (Texas, USA / Globaal)",Overig (Gantry / Portaalsysteem),Adopt,Ruwbouw,"Een grootschalige, weersbestendige 3D-betonprinter die ter plaatse complete woningen print. ICON is bekend van het bouwen van de grootste 3D-geprinte wijk ter wereld (100 huizen in Texas) en verlaagt bouwtijd en afval aanzienlijk."
82,Aquajet Aqua Cutter,Aquajet Systems (Zweden / Globaal),Automated Guided Vehicles (Crawler),Adopt,Sloop & Demontage / Renovatie,"Een hydrodemolition (hogedruk waterstraal) robot op rupsbanden. Deze robot verwijdert autonoom en met uiterste precisie beschadigd beton rondom wapeningsstaal zonder de constructie te beschadigen, wat veel veiliger is dan handmatig hakken."
83,Odico Formwork Robotics,Odico (Denemarken),Articulated Robots,Adopt,In de fabriek (Prefab),"Deze industriële robotarmen gebruiken verhitte draden (hot-wire cutting) of frezen om razendsnel complexe, op maat gemaakte bekistingen (zoals EPS/piepschuim) te snijden voor uitdagende betonvormen. Versnelt de voorbereiding van complexe architectuur."
84,Civ Robotics (CivDot),Civ Robotics (USA),Automated Guided Vehicles (AGV's),Adopt,Inspectie & inmeten / GWW,"Een autonome landmeet-rover ontworpen voor zware infrastructuur, zoals het uitzetten van zonneparken of snelwegen. De rover spuit verf of slaat zelfstandig markeerpinnen in de grond, wat het handmatige werk van landmeters in ruw terrein versnelt."
85,ULC Technologies CISBOT,ULC Technologies (USA / UK),Overig (Pijpleiding Crawler),Adopt,GWW & grondwerk / Onderhoud,"Cast Iron Sealing Bot (CISBOT) rijdt door ondergrondse, actieve gasleidingen om deze van binnenuit autonoom te repareren en te dichten. Hierdoor hoeven wegen niet over grote afstanden te worden opengebroken, wat enorme overlast en kosten bespaart."
86,Skelex 360,Skelex (Nederland / Europa),Overig (Passief Exoskelet),Adopt,Installatie & montage,"Een geavanceerd biomechanisch exoskelet dat speciaal is ontworpen om het gewicht van de armen op te vangen en over te dragen naar de heupen. Ideaal voor lassers, monteurs en schilders die urenlang boven hun macht moeten werken."
87,Rugged Robotics (Marking Rover),"Rugged Robotics (Texas, USA)",Automated Guided Vehicles (AGV's),Trial / Adopt,Inspectie & inmeten,"Vergelijkbaar met HP SitePrint, maar met een robuuster ontwerp op kleine rupsbanden/wielen. Print complete CAD-plattegronden, inclusief tekst en muurcontouren, direct op de betonnen ruwbouwvloer om de faalkosten in de installatiefase te minimaliseren."
88,WASP (Crane WASP),WASP (Italië),Overig (Kabel/Portaal 3D-printer),Trial / Adopt,Ruwbouw,"Een innovatieve 3D-printer die gebruikmaakt van lokale, duurzame materialen zoals leem, klei en landbouwafval om eco-vriendelijke, klimaatneutrale huizen te printen. Perfect voor circulaire bouwprojecten."
89,Diamond Age (Factory-in-the-Field),Diamond Age (USA),Hybride / Gantry met Robotarmen,Trial / Concept,Ruwbouw & Afbouw,"Een enorm overkappend portaalsysteem dat eerst de binnen- en buitenmuren 3D-print met beton, om vervolgens via een gereedschapswissel (robotarmen) zelfstandig isolatie aan te brengen en sparingen voor kozijnen te frezen."
90,nLink Drillbotics,nLink (Noorwegen),Hybride Robots,Adopt,Installatie & montage,"Een mobiele boorrobot vergelijkbaar met de Hilti Jaibot. Aangestuurd door laser-positionering en BIM, boort deze robot automatisch duizenden gaten in harde betonnen plafonds voor het ophangen van ventilatie-, kabel- of leidinggoten."
91,Honda AWV (Autonomous Work Vehicle),"Honda, Black & Veatch (USA / Globaal)",Automated Guided Vehicles (AGV's),Trial / Adopt,Logistiek & ondersteuning,"Een robuust, zelfrijdend elektrisch voertuig met laadbak dat autonoom zware bouwmaterialen en water over zeer ruw terrein naar de juiste werkplek navigeert, wat de efficiëntie van de werflogistiek aanzienlijk verbetert."
92,Ghost Robotics Vision 60,Ghost Robotics (USA / Globaal),Overig (Quadruped),Adopt,Beveiliging & Inspectie,"Een extreem weerbestendige en robuuste robothond. Deze robot patrouilleert vaak na de reguliere werkuren autonoom over de bouwplaats voor diefstalpreventie, veiligheidsinspecties en het inmeten van de voortgang."
93,Levitate AIRFRAME,Levitate Technologies (USA / Globaal),Overig (Passief Exoskelet),Adopt,Installatie & montage,"Een lichtgewicht, biomechanisch exoskelet dat specifiek ontworpen is om het gewicht van de armen en het gereedschap op te vangen. Het voorkomt spiervermoeidheid en schouderblessures bij langdurig bovenhands installatiewerk."
94,Epiroc Geautomatiseerde Boorinstallaties,Epiroc (Zweden / Globaal),Automated Guided Vehicles (AGV's) / Hybride,Adopt,GWW & grondwerk (Tunnels),"Zware, computergestuurde boormachines voor tunnelbouw en mijnbouw. Ze werken complexe, voorgeprogrammeerde boorpatronen in rotswanden met uiterste precisie af, waardoor operators buiten de gevarenzone kunnen blijven."
95,Hyperion Robotics (3D Micro-fabrieken),Hyperion Robotics (Finland),Articulated Robots,Trial / Adopt,Ruwbouw,"Mobiele 3D-betonprintfabrieken die lokaal en op aanvraag gerecycled beton en industriële reststromen printen tot duurzame constructie-elementen, zoals funderingen of leidingkanalen. Het bespaart enorm veel transport- en materiaalkosten."
96,K-Ryole Slimme Elektrische Kruiwagen,K-Ryole (Frankrijk / Europa),Hybride / Ergonomie,Adopt,Logistiek & ondersteuning,"Een innovatieve aanhanger en kruiwagen voor de bouwplaats met ingebouwde algoritmes en krachtsensoren. Het systeem elimineert trekinspanning volledig, waardoor één werknemer probleemloos en zonder fysieke belasting tot 250 kg kan verplaatsen."
97,Somero Laser Screed (Automatische Betonafwerking),Somero Enterprises (Globaal),Automated Guided Vehicles (AGV's),Adopt,Ruwbouw (Beton),"Geavanceerde, lasergestuurde machines die vers gestorte betonvloeren volautomatisch, razendsnel en met de hoogst mogelijke vlakheidstoleranties egaliseren. Het vervangt uren aan zwaar, handmatig zwoegen in nat beton."
98,Robotize GoPal AMR,Robotize (Denemarken),Automated Guided Vehicles (AGV's),Adopt,In de fabriek (Prefab),Autonome mobiele robots die specifiek in bouw- en timmerfabrieken pallets met zware materialen oppakken en afleveren. Ze maken de interne logistiek veel veiliger en soepeler vergeleken met het gebruik van traditionele vorkheftrucks.
99,Shimizu Robo-Welder,Shimizu Corporation (Japan),Articulated Robots (Mobiele Robotarm),Adopt,Ruwbouw (Staalbouw),Mobiele lasrobots die op de bouwplaats stalen kolommen en balken autonoom aan elkaar lassen. Ze werken vaak 's nachts door en bieden een direct antwoord op het groeiende tekort aan gespecialiseerde en gecertificeerde lassers.
100,Randek AutoEye / ZeroLabor (Houtbouw),Randek (Zweden / Globaal),Articulated Robots / Portaal,Adopt,In de fabriek (Prefab),"Een geavanceerd robotsysteem voor de houtskeletbouw dat via AI en vision-systemen zelfstandig plaatmaterialen oppakt, positioneert, freest en vastspijkert. Dit verhoogt de productiecapaciteit voor modulaire woningbouw drastisch."